path,title,class,reason,equivalent_live_page,linking_domains,incoming_links,ignored_questionable_domains,clicks,impressions,avg_position,log_hits,log_external_referrers,value_score
/ant-ranch-reviews-south-africa-legit-or-scam/,Ant Ranch Reviews South Africa 2026: Legit or Scam?,MANUAL REVIEW,some signal but not enough to restore automatically,,0,0,,0,0,0,120,arvidweb.com,2.0
/berry-crypto-trading-platform-legit-berry-exchange-reviews/,Berry Crypto Trading Platform Review 2026: Is Berry Exchange Legit?,MANUAL REVIEW,some signal but not enough to restore automatically,,0,0,,0,0,0,47,drcembroidery.com,2.0
/cashdrama-legit-or-not/,Is CashDrama Legit or Not? CashDrama Review 2026,MANUAL REVIEW,some signal but not enough to restore automatically,,0,0,,0,0,0,188,www.tiktok.com,2.0
/coffee-break-loans-reviews-is-it-legit-or-scam-2/,Coffee Break Loans Review 2026: Is It Legit or a Scam?,MANUAL REVIEW,some signal but not enough to restore automatically,,0,0,,0,0,0,39,www.aocr.org,2.0
/fortima-review-side-effects-and-complaints/,fortima review: side effects and complaints,MANUAL REVIEW,some signal but not enough to restore automatically,,0,0,,0,0,0,49,www.tiktok.com,2.0
/gcash-games-earn-money-legit-2023-in-philippine/,GCash Games: How to Earn Money Legit in the Philippines 2026,MANUAL REVIEW,some signal but not enough to restore automatically,,0,0,,0,0,0,120,m.facebook.com,2.0
/harrison-spinks-mattress-reviews-price-list/,Harrison Spinks Mattress Reviews 2026: Price List and Honest Assessment,MANUAL REVIEW,some signal but not enough to restore automatically,,0,0,,0,0,0,88,www.aocr.org,2.0
/ipams-job-hiring-2026-all-you-need-to-know/,IPAMS Job Hiring 2026: Everything You Need to Know,MANUAL REVIEW,some signal but not enough to restore automatically,,0,0,,0,0,0,225,www.tiktok.com,2.0
/is-cco-media-legit-ccomedia-org-app-review/,Is CCO Media Legit? CCOMedia.org App Review 2026,MANUAL REVIEW,some signal but not enough to restore automatically,,0,0,,0,0,0,57,onlinejobsreveiws.co.ke,2.0
/is-cryptomania-real-and-legit-cryptomania-app-review/,Is Cryptomania Legit? Cryptomania App Review 2026,MANUAL REVIEW,some signal but not enough to restore automatically,,0,0,,0,0,0,101,forex.wikibit.com,2.0
/is-poppo-live-legit-or-scam-poppo-live-reviews/,is Poppo Live Legit or Scam Poppo Live Reviews,MANUAL REVIEW,some signal but not enough to restore automatically,,0,0,,0,0,0,37,robuta.com,2.0
/is-taskbucks-legit-or-scam-com-reviews/,Is TaskBucks Legit or a Scam? TaskBucks App Reviews 2026,MANUAL REVIEW,some signal but not enough to restore automatically,,0,0,,0,0,0,77,wap.nairaland.com,2.0
/mabilis-cash-review-loan-app-complaints-by-users/,Mabilis Cash Review: Loan App Complaints by Users,MANUAL REVIEW,some signal but not enough to restore automatically,,0,0,,0,0,0,64,github.com,2.0
/megawave/,Megawave Review 2026: Is It Legit or a Scam?,MANUAL REVIEW,some signal but not enough to restore automatically,,0,0,,0,0,0,76,www.nairaland.com,2.0
/money-easilytsj-buzz-review-is-money-easilytsj-buzz-legit-or-scam/,Is Money-EasilyTSJ.buzz Legit or a Scam? Full Review 2026,MANUAL REVIEW,some signal but not enough to restore automatically,,0,0,,0,0,0,61,fundmine.com.ng,2.0
/my-careers-co-za-reviews-legit-or-scam-complaints/,MyCareers.co.za Reviews 2026: Legit or Scam? Complaints,MANUAL REVIEW,some signal but not enough to restore automatically,,0,0,,0,0,0,100,onlinejobsreveiws.co.ke,2.0
/qq-teachers-review-legit-or-scam-check-online/,QQ Teachers Review 2026: Is It Legit or a Scam for Online Teaching?,MANUAL REVIEW,some signal but not enough to restore automatically,,0,0,,0,0,0,67,railectricpartman.com,2.0
/sinful-deeds-legit-vietnamese-part-2-and-1/,sinful deeds - legit vietnamese. Part 2 and 1,MANUAL REVIEW,some signal but not enough to restore automatically,,0,0,,0,0,0,75,ya.ru,2.0
/workzly-in-real-or-fake-reviews-and-complaints/,Workzly.in Review 2026: Real or Fake? Complaints,MANUAL REVIEW,some signal but not enough to restore automatically,,0,0,,0,0,0,76,www.hirewfh.com,2.0
/123helpme-com-reviews-is-123helpme-legit-safe-app/,123HelpMe.com Reviews 2026: Is It Legit and Safe to Use?,KEEP 410,"no external links, no meaningful search demand",,0,0,,0,0,0,40,,0.0
/2026-cadillac-optiq-review/,2026 Cadillac Optiq Review: Everything You Need to Know,KEEP 410,"no external links, no meaningful search demand",,0,0,,0,0,0,72,,0.0
/5-free-tools-sportybet-punter-2026/,5 Free Tools Every SportyBet Punter Needs in 2026,KEEP 410,"no external links, no meaningful search demand",,0,0,,0,0,0,60,,0.0
/6uff-biography/,"6uff Biography: Who Is 6uff? Age, Real Name, Career and Net Worth",KEEP 410,"no external links, no meaningful search demand",,0,0,,0,0,0,56,,0.0
/abel-damina-biography-age-career-family-and-tribe/,"Abel Damina: Biography, Age, Career, Family and More 2026",KEEP 410,"no external links, no meaningful search demand",,0,0,,0,0,0,49,,0.0
/accredited-debt-relief-reviews-complaints/,Accredited Debt Relief Reviews and Complaints: Is It Legit?,KEEP 410,"no external links, no meaningful search demand",,0,0,,0,0,0,49,,0.0
/aceph11-com-reviews-and-complaints-legit-or-scam/,Is Aceph11 com Legit or a Scam? Reviews and Complaints 2026,KEEP 410,"no external links, no meaningful search demand",,0,0,,0,0,0,51,,0.0
/ada-lovelace-biography/,"Ada Lovelace Biography: Life, Career and Legacy",KEEP 410,"no external links, no meaningful search demand",,0,0,,0,0,0,44,,0.0
/alexa-demie-before-and-after/,Alexa Demie Before and After: Surgery or Natural Beauty?,KEEP 410,"no external links, no meaningful search demand",,0,0,,0,0,0,34,,0.0
/alien-power-reviews-what-is-this-brand-really-about/,Alien Power Reviews: What Is This Brand Really About,KEEP 410,"no external links, no meaningful search demand",,0,0,,0,0,0,38,,0.0
/allan-kassenoff-reviews-wife-facebook-and-biography/,"Allan Kassenoff: Biography, Wife, Facebook, and Reviews 2026",KEEP 410,"no external links, no meaningful search demand",,0,0,,0,0,0,48,,0.0
/alliance-advisors-scam-or-legit/,Alliance Advisors Scam or Legit? Reviews,KEEP 410,"no external links, no meaningful search demand",,0,0,,0,0,0,22,,0.0
/almased-reviews-complaints-and-side-effects-2024/,"Almased: Reviews, Complaints, Benefits and Side Effects 2026",KEEP 410,"no external links, no meaningful search demand",,0,0,,0,0,0,48,,0.0
/ambassador-konjit-sinegiorgis-biography/,Ambassador Konjit Sinegiorgis Biography: Career and Facts,KEEP 410,"no external links, no meaningful search demand",,0,0,,0,0,0,38,,0.0
/american-home-protect-llc-scam/,American Home Protect LLC Scam: Reviews and Complaints,KEEP 410,"no external links, no meaningful search demand",,0,0,,0,0,0,39,,0.0
/americas-best-eyeglasses-complaints/,America's Best Eyeglasses Complaints and Reviews 2026,KEEP 410,"no external links, no meaningful search demand",,0,0,,0,0,0,36,,0.0
/ameritel-bpo-reviews-salary-issue-and-complaints/,"Ameritel BPO: Reviews, Salary, Benefits and Complaints 2026",KEEP 410,"no external links, no meaningful search demand",,0,0,,0,0,0,37,,0.0
/amira-aldahab-biography/,"Amira Aldahab Biography: Age, Date of Birth, Format and Everything We Know",KEEP 410,"no external links, no meaningful search demand",,0,0,,0,0,0,73,,0.0
/annie-january-before-and-after/,Annie January Before and After: Starlight Transformation,KEEP 410,"no external links, no meaningful search demand",,0,0,,0,0,0,33,,0.0
/apex-focus-group-legit/,Is Apex Focus Group Legit? Apex Focus Group Review 2026,KEEP 410,"no external links, no meaningful search demand",,0,0,,0,0,0,165,,0.0
/apple-security-alert-scam/,Apple Security Alert Scam 2026: Real or Fake? How to Tell,KEEP 410,"no external links, no meaningful search demand",,0,0,,0,0,0,123,,0.0
/appleid-apple-com-real-or-fake/,appleid.apple.com Real or Fake? Is It Legit?,KEEP 410,"no external links, no meaningful search demand",,0,0,,0,0,0,51,,0.0
/aquoxis-reviews-complaints-2026/,Aquoxis Reviews and Complaints 2026: Is Aquoxis Legit or a Scam?,KEEP 410,"no external links, no meaningful search demand",,0,0,,0,0,0,83,,0.0
/arena-plus-legit-or-not-reviews-and-complaints/,Is Arena Plus Legit or a Scam? Reviews and Complaints 2026,KEEP 410,"no external links, no meaningful search demand",,0,0,,0,0,0,44,,0.0
/arietis-health-scam-reviews-complaints-legit/,Is Arietis Health Legit or a Scam? Reviews and Complaints 2026,KEEP 410,"no external links, no meaningful search demand",,0,0,,0,0,0,47,,0.0
/astaxanthin-scam-or-legit/,Astaxanthin Supplement Scam or Legit? Reviews,KEEP 410,"no external links, no meaningful search demand",,0,0,,0,0,0,27,,0.0
/astron-aircon-review-1hp-1-5hp-and-inverter-review/,Astron Aircon Review 1hp 1 5hp and Inverter Review,KEEP 410,"no external links, no meaningful search demand",,0,0,,0,0,0,47,,0.0
/atmclassaction-legit-or-scam-reviews-2026/,ATM Class Action Legit or Scam? atmclassaction.com Reviews and Complaints 2026,KEEP 410,"no external links, no meaningful search demand",,0,0,,0,0,0,36,,0.0
/audien-hearing-aids-review/,Audien Hearing Aids Review: Are They Legit and Worth It?,KEEP 410,"no external links, no meaningful search demand",,0,0,,0,0,0,40,,0.0
/aux-aircon-vs-daikin-compare-and-contrast/,AUX Aircon vs Daikin Compare and Contrast,KEEP 410,"no external links, no meaningful search demand",,0,0,,0,0,0,61,,0.0
/average-software-developer-salary-in-nigeria-2026-data/,Average Software Developer Salary in Nigeria (2026 Data),KEEP 410,"no external links, no meaningful search demand",,0,0,,0,0,0,51,,0.0
/average-software-developer-salary-in-nigeria-2026-guide/,Average Software Developer Salary in Nigeria (2026 Guide),KEEP 410,"no external links, no meaningful search demand",,0,0,,0,0,0,52,,0.0
/axscore-reviews-is-axscore-legit-or-scam/,Axscore Reviews Is Axscore Legit or Scam,KEEP 410,"no external links, no meaningful search demand",,0,0,,0,0,0,51,,0.0
/banks-placeholder-overview/,,KEEP 410,"no external links, no meaningful search demand",,0,0,,0,0,0,9,,0.0
/benny-harlem-scam-reviews-analysis-and-overview/,Is Benny Harlem Legit or a Scam? Reviews and Complaints 2026,KEEP 410,"no external links, no meaningful search demand",,0,0,,0,0,0,37,,0.0
/berlook-swimwear-review-is-it-legit-or-not/,Berlook Swimwear Review 2026: Is It Legit and Worth Buying?,KEEP 410,"no external links, no meaningful search demand",,0,0,,0,0,0,35,,0.0
/bestar-fan-review-complaints-by-users-in-singapore/,Bestar Fan Review Singapore 2026: Complaints by Users,KEEP 410,"no external links, no meaningful search demand",,0,0,,0,0,0,55,,0.0
/bet9ja-review-payout-speed-odds-and-caution-notes/,"Bet9ja Review: Payout Speed, Odds, and Caution Notes",KEEP 410,"no external links, no meaningful search demand",,0,0,,0,0,0,50,,0.0
/betting-placeholder-overview/,,KEEP 410,"no external links, no meaningful search demand",,0,0,,0,0,0,9,,0.0
/bhavishya-malika-is-real-or-fake-reviews/,bhavishya malika is real or fake? reviews,KEEP 410,"no external links, no meaningful search demand",,0,0,,0,0,0,74,,0.0
/big-mistakes-netflix-review/,Big Mistakes on Netflix Review 2026: Worth Watching?,KEEP 410,"no external links, no meaningful search demand",,0,0,,0,0,0,30,,0.0
/billshappen-loan-reviews-legit-or-scam/,BillsHappen Loan Review 2026: Is It Legit or a Scam?,KEEP 410,"no external links, no meaningful search demand",,0,0,,0,0,0,45,,0.0
/binance-how-it-works-for-beginners/,Binance — How It Works for Beginners,KEEP 410,"no external links, no meaningful search demand",,0,0,,0,0,0,48,,0.0
/biofit-tea-review-is-it-legit-or-scam/,Is Biofit Tea Legit or a Scam? Reviews and Complaints 2026,KEEP 410,"no external links, no meaningful search demand",,0,0,,0,0,0,62,,0.0
/black-girl-vitamins-reviews-complaints/,Black Girl Vitamins Reviews and Complaints: Is It Legit?,KEEP 410,"no external links, no meaningful search demand",,0,0,,0,0,0,42,,0.0
/blackbull-markets-review/,Blackbull Markets Review 2026: Is It a Legitimate Forex Broker?,KEEP 410,"no external links, no meaningful search demand",,0,0,,0,0,0,46,,0.0
/bronze-tone-cream-side-effects/,Bronze Tone Cream Side Effects: What You Need to Know,KEEP 410,"no external links, no meaningful search demand",,0,0,,0,0,0,43,,0.0
/brux-night-guard-reviews-complaints-and-side-effects/,"Brux Night Guard: Reviews, Complaints, Benefits and Side Effects 2026",KEEP 410,"no external links, no meaningful search demand",,0,0,,0,0,0,32,,0.0
/bugmd-scam-or-legit/,BugMD Scam or Legit? Reviews and Complaints,KEEP 410,"no external links, no meaningful search demand",,0,0,,0,0,0,20,,0.0
/bullseye-blower-reviews/,Bullseye Blower Reviews 2026: Is It Worth Buying?,KEEP 410,"no external links, no meaningful search demand",,0,0,,0,0,0,28,,0.0
/burn-slim-scam-or-legit/,Burn Slim Scam or Legit? Reviews and Complaints,KEEP 410,"no external links, no meaningful search demand",,0,0,,0,0,0,33,,0.0
/carguard-australia-reviews-complaints/,CarGuard Australia Reviews and Complaints: Is It Legit?,KEEP 410,"no external links, no meaningful search demand",,0,0,,0,0,0,30,,0.0
/cartpanda-scam-or-legit/,CartPanda Scam or Legit? Reviews and Complaints,KEEP 410,"no external links, no meaningful search demand",,0,0,,0,0,0,30,,0.0
/cash-drama-legit-or-not-2026/,Cash Drama Legit or Not? Reviews and Complaints 2026,KEEP 410,"no external links, no meaningful search demand",,0,0,,0,0,0,32,,0.0
/cash-drama-legit-or-not/,Cash Drama Legit or Not? Reviews and Complaints,KEEP 410,"no external links, no meaningful search demand",,0,0,,0,0,0,31,,0.0
/cashdrama-com-legit-or-not/,CashDrama Legit or Not? cashdrama.com Reviews,KEEP 410,"no external links, no meaningful search demand",,0,0,,0,0,0,26,,0.0
/cdkeys-legit/,Is CDKeys Legit? CDKeys.com Game Key Review 2026,KEEP 410,"no external links, no meaningful search demand",,0,0,,0,0,0,35,,0.0
/cdrwritersaustralia-com-review-cdr-writers/,CDRWritersAustralia.com Review: Are CDR Writers Legit?,KEEP 410,"no external links, no meaningful search demand",,0,0,,0,0,0,68,,0.0
/celebe-asia-app-reviews-is-it-legit-or-scam/,Celebe Asia App Review 2026: Is It Legit or a Scam?,KEEP 410,"no external links, no meaningful search demand",,0,0,,0,0,0,37,,0.0
/cellucare-scam-or-legit/,CelluCare Scam or Legit? Reviews and Complaints,KEEP 410,"no external links, no meaningful search demand",,0,0,,0,0,0,32,,0.0
/chad-michael-murray-before-and-after/,Chad Michael Murray Before and After: Nose Surgery Facts,KEEP 410,"no external links, no meaningful search demand",,0,0,,0,0,0,40,,0.0
/chainpay-loans-reviews-2024-is-it-legit-or-scam/,,KEEP 410,"no external links, no meaningful search demand",,0,0,,0,0,0,19,,0.0
/chainpay-loans-reviews-2026-is-it-legit-or-scam/,ChainPay Loans Review 2026: Is ChainPay Legit or a Scam?,KEEP 410,"no external links, no meaningful search demand",,0,0,,0,0,0,63,,0.0
/charlize-theron-biography/,"Charlize Theron Biography: Career, Movies and Net Worth",KEEP 410,"no external links, no meaningful search demand",,0,0,,0,0,0,34,,0.0
/check-sportybet-slip-result-without-app/,How to Check If Your SportyBet Slip Won (Without Opening the App),KEEP 410,"no external links, no meaningful search demand",,0,0,,0,0,0,59,,0.0
/civilcarcoverage-com-legit-or-scam-reviews-and-complaints-2024/,,KEEP 410,"no external links, no meaningful search demand",,0,0,,0,0,0,36,,0.0
/civilcarcoverage-com-legit-or-scam-reviews-and-complaints-2026/,civilcarcoverage.com legit or scam? reviews and complaints 2026,KEEP 410,"no external links, no meaningful search demand",,0,0,,0,0,0,130,,0.0
/claimmoney-com-legit-or-not/,claimmoney.com Legit or Not? Reviews and Complaints,KEEP 410,"no external links, no meaningful search demand",,0,0,,0,0,0,36,,0.0
/clarity-blue-glasses-reviews-complaints/,Clarity Blue Glasses Reviews and Complaints: Is It Legit?,KEEP 410,"no external links, no meaningful search demand",,0,0,,0,0,0,34,,0.0
/closys-mouthwash-side-effects-by-users-2024/,Closys Mouthwash Side Effects by Users 2024,KEEP 410,"no external links, no meaningful search demand",,0,0,,0,0,0,43,,0.0
/closys-mouthwash-side-effects-by-users-2026/,closys mouthwash side effects by users 2026,KEEP 410,"no external links, no meaningful search demand",,0,0,,0,0,0,78,,0.0
/clozole-b-does-m-bleach-work-clear-pimples-reviews/,Clozole B Review 2026: Does It Really Bleach and Clear Pimples?,KEEP 410,"no external links, no meaningful search demand",,0,0,,0,0,0,51,,0.0
/coursiv-scam-or-legit/,Coursiv Scam or Legit? Reviews and Complaints,KEEP 410,"no external links, no meaningful search demand",,0,0,,0,0,0,26,,0.0
/ct-dmv-scam-text/,CT DMV Scam Text: Is It Real or Fake? Reviews,KEEP 410,"no external links, no meaningful search demand",,0,0,,0,0,0,28,,0.0
/cuticura-pimple-rescue-review-side-effects-2023/,"Cuticura Pimple Rescue: Reviews, Complaints, Benefits and Side Effects 2026",KEEP 410,"no external links, no meaningful search demand",,0,0,,0,0,0,43,,0.0
/dacoit-movie-review/,Dacoit Movie Review 2026: Full Breakdown,KEEP 410,"no external links, no meaningful search demand",,0,0,,0,0,0,34,,0.0
/dan-druff-billionaire-real-or-fake-2/,Is Dan Druff a Real Billionaire or a Fake? Dan Druff Review 2026,KEEP 410,"no external links, no meaningful search demand",,0,0,,0,0,0,34,,0.0
/dan-druff-billionaire-real-or-fake-3/,Dan Druff Billionaire Real or Fake? Reviews and Facts,KEEP 410,"no external links, no meaningful search demand",,0,0,,0,0,0,41,,0.0
/dan-druff-billionaire-real-or-fake/,Is Dan Druff a Real Billionaire or a Fake? Dan Druff Review 2026,KEEP 410,"no external links, no meaningful search demand",,0,0,,0,0,0,32,,0.0
/dealdash-scam-or-legit/,DealDash Scam or Legit? Reviews and Complaints,KEEP 410,"no external links, no meaningful search demand",,0,0,,0,0,0,37,,0.0
/death-of-a-salesman-broadway-review/,Death of a Salesman Broadway Review 2026: How Is the Revival?,KEEP 410,"no external links, no meaningful search demand",,0,0,,0,0,0,38,,0.0
/debt-review-companies-in-south-africa-top-20-debt/,Top 20 Debt Review Companies in South Africa 2026,KEEP 410,"no external links, no meaningful search demand",,0,0,,0,0,0,136,,0.0
/demetrus-techeck-llc-review/,Demetrus Techeck LLC: Scam or Legit? Reviews and Complaints,KEEP 410,"no external links, no meaningful search demand",,0,0,,0,0,0,56,,0.0
/dennis-itumbi-biography/,"Dennis Itumbi Biography: Career, Wife and Family",KEEP 410,"no external links, no meaningful search demand",,0,0,,0,0,0,45,,0.0
/derila-pillow-scam-or-legit/,Derila Pillow Scam or Legit? Reviews and Complaints,KEEP 410,"no external links, no meaningful search demand",,0,0,,0,0,0,32,,0.0
/detoxi-slim-review-side-effects-before-and-after/,"Detoxi Slim Review 2026: Side Effects, Before and After Results",KEEP 410,"no external links, no meaningful search demand",,0,0,,0,0,0,68,,0.0
/devops-engineer-salary-range-across-african-product-companies/,DevOps Engineer Salary Range Across African Product Companies,KEEP 410,"no external links, no meaningful search demand",,0,0,,0,0,0,47,,0.0
/diogo-jota-biography/,"Diogo Jota Biography: Career, Wife and Net Worth",KEEP 410,"no external links, no meaningful search demand",,0,0,,0,0,0,28,,0.0
/dormeo-topper-scam-or-legit/,Dormeo Topper Scam or Legit? Reviews and Complaints,KEEP 410,"no external links, no meaningful search demand",,0,0,,0,0,0,22,,0.0
/dr-gina-sam-emma-reviews-supplement-side-effects/,"Dr Gina Sam Emma: Reviews, Complaints, Benefits and Side Effects 2026",KEEP 410,"no external links, no meaningful search demand",,0,0,,0,0,0,52,,0.0
/dressowy-com-reviews-uk-is-dressowy-legit-or-scam/,Is Dressowy Legit? Dressowy.com UK Reviews 2026,KEEP 410,"no external links, no meaningful search demand",,0,0,,0,0,0,60,,0.0
/dynata-scam-or-legit/,Dynata Scam or Legit? Reviews and Complaints,KEEP 410,"no external links, no meaningful search demand",,0,0,,0,0,0,33,,0.0
/earning-apps-legit-philippines/,Legit Earning Apps Philippines 2026: Which Ones Actually Pay?,KEEP 410,"no external links, no meaningful search demand",,0,0,,0,0,0,78,,0.0
/earning-platforms-placeholder-overview/,,KEEP 410,"no external links, no meaningful search demand",,0,0,,0,0,0,5,,0.0
/eat-co-nz-reviews-an-in-depth-reviews/,"Eat Co NZ Review: Reviews, Complaints and Honest Overview 2026",KEEP 410,"no external links, no meaningful search demand",,0,0,,0,0,0,35,,0.0
/eby-bra-sizing-and-comfort-honest-review/,EBY Bra Sizing and Comfort Honest Review,KEEP 410,"no external links, no meaningful search demand",,0,0,,0,0,0,132,,0.0
/echolac-luggage-review-complaints-by-users/,"Echolac Luggage: Biography, Age, Career, Family and More 2026",KEEP 410,"no external links, no meaningful search demand",,0,0,,0,0,0,37,,0.0
/eden-skin-tag-remover-reviews-and-complaints-2024/,Eden Skin Tag Remover Reviews and Complaints 2024,KEEP 410,"no external links, no meaningful search demand",,0,0,,0,0,0,35,,0.0
/edgenuity-reviews-analysis-cost-and-complaints-2023/,"Edgenuity Reviews 2026: Analysis, Cost, and Student Complaints",KEEP 410,"no external links, no meaningful search demand",,0,0,,0,0,0,82,,0.0
/ee-points-program-scam-or-legit-reviews-and-complaints/,Is Ee Points Program Legit or a Scam? Reviews and Complaints 2026,KEEP 410,"no external links, no meaningful search demand",,0,0,,0,0,0,69,,0.0
/electronic-first-legit-or-scam-reviews-complains/,Is Electronic First Legit or a Scam? Reviews 2026,KEEP 410,"no external links, no meaningful search demand",,0,0,,0,0,0,68,,0.0
/elonm-cc-reviews-is-elon-must-site-legit/,ElonM.cc Reviews: Is This Elon Musk Site Legit or a Scam?,KEEP 410,"no external links, no meaningful search demand",,0,0,,0,0,0,161,,0.0
/epaddy-wb-gov-in-reviews-and-complaints-by-users-2024/,,KEEP 410,"no external links, no meaningful search demand",,0,0,,0,0,0,15,,0.0
/epaddy-wb-gov-in-reviews-and-complaints-by-users-2026/,epaddy.wb.gov.in reviews and complaints by users 2026,KEEP 410,"no external links, no meaningful search demand",,0,0,,0,0,0,49,,0.0
/eperformax-review-eperformax-salary-and-benefits/,"Eperformax: Reviews, Salary, Benefits and Complaints 2026",KEEP 410,"no external links, no meaningful search demand",,0,0,,0,0,0,46,,0.0
/erin-moriarty-before-and-after/,Erin Moriarty Before and After: Plastic Surgery or Natural?,KEEP 410,"no external links, no meaningful search demand",,0,0,,0,0,0,31,,0.0
/ermiona-lekbello-biography-and-career-overview/,Ermiona Lekbello Biography and Career Overview,KEEP 410,"no external links, no meaningful search demand",,0,0,,0,0,0,46,,0.0
/erode-amman-mess-velachery-reviews/,Erode Amman Mess Velachery Reviews: Is It Worth Visiting? Full Restaurant Review,KEEP 410,"no external links, no meaningful search demand",,0,0,,0,0,0,38,,0.0
/escalera-secret-garden-cafe-reviews-location/,"Escalera Secret Garden Cafe: Reviews, Menu, Location and What to Expect 2026",KEEP 410,"no external links, no meaningful search demand",,0,0,,0,0,0,61,,0.0
/expedia-complaints-how-to-resolve/,Expedia Complaints: How to Get Your Issue Resolved,301 TO EQUIVALENT LIVE PAGE,same entity as /expedia-group-explained/,/expedia-group-explained/,0,0,,0,0,0,33,,0.0
/extreme-chat-real-or-fake-reviews-complaints/,Extreme Chat Review 2026: Real or Fake? What You Need to Know,KEEP 410,"no external links, no meaningful search demand",,0,0,,0,0,0,56,,0.0
/facebook-user-privacy-settlement-reviews-legit-or-scam/,Facebook User Privacy Settlement: Is It Legit or a Scam? 2026,KEEP 410,"no external links, no meaningful search demand",,0,0,,0,0,0,74,,0.0
/facebookmail-com-legit-or-fake/,Is facebookmail.com Legit or Fake? How to Tell Real Facebook Emails Apart,KEEP 410,"no external links, no meaningful search demand",,0,0,,0,0,0,42,,0.0
/fast-cash-loan-app-review-2023-is-fast-cash-app-legit-or-scam/,,KEEP 410,"no external links, no meaningful search demand",,0,0,,0,0,0,0,,0.0
/fast-cash-loan-app-review-2026-is-fast-cash-app-legit-or-scam/,Fast Cash Loan App Review 2026: Is Fast Cash App Legit or Scam?,KEEP 410,"no external links, no meaningful search demand",,0,0,,0,0,0,44,,0.0
/fast-cash-loan-app-review-is-fast-cash-app-legit/,Fast Cash Loan App Review 2026: Is Fast Cash App Legit?,KEEP 410,"no external links, no meaningful search demand",,0,0,,0,0,0,77,,0.0
/fast-growing-trees-reviews/,Fast Growing Trees Reviews 2026: Is FastGrowingTrees.com Legit?,KEEP 410,"no external links, no meaningful search demand",,0,0,,0,0,0,28,,0.0
/federal-cellular-class-action-legit/,Federal Cellular Class Action Legit or Scam? Reviews,KEEP 410,"no external links, no meaningful search demand",,0,0,,0,0,0,34,,0.0
/fela-kuti-biography/,"Fela Kuti Biography: Career, Music and Legacy",KEEP 410,"no external links, no meaningful search demand",,0,0,,0,0,0,43,,0.0
/finnfox-reviews-complaints/,Finnfox Reviews and Complaints: Is Finnfox Legit?,KEEP 410,"no external links, no meaningful search demand",,0,0,,0,0,0,30,,0.0
/fintech-placeholder-overview/,,KEEP 410,"no external links, no meaningful search demand",,0,0,,0,0,0,7,,0.0
/first-federation-trust-legit-or-scam-reviews-2026/,Is First Federation Trust Legit or a Scam? firstfedtrust.com Reviews and Complaints 2026,KEEP 410,"no external links, no meaningful search demand",,0,0,,0,0,0,49,,0.0
/fiverr-review-2026-pricing-features-pain-points/,"Fiverr Review 2026 (Pricing, Features, &amp; Pain Points)",KEEP 410,"no external links, no meaningful search demand",,0,0,,0,0,0,63,,0.0
/fliptwirls-real-or-fake-reviews-and-complaints/,Fliptwirls Real or Fake Reviews and Complaints,KEEP 410,"no external links, no meaningful search demand",,0,0,,0,0,0,60,,0.0
/founders-placeholder-overview/,,KEEP 410,"no external links, no meaningful search demand",,0,0,,0,0,0,10,,0.0
/francis-diet-reviews-negative-reviews-on-the-diet/,Francis Diet Reviews 2026: Negative Reviews and What You Should Know,KEEP 410,"no external links, no meaningful search demand",,0,0,,0,0,0,68,,0.0
/fred-trading-review-is-it-legit-or-scam-real-or-fake/,fred trading review: is it legit or scam? Real or fake?,KEEP 410,"no external links, no meaningful search demand",,0,0,,0,0,0,36,,0.0
/fuel-sync-scam-or-legit/,Fuel Sync Scam or Legit? Reviews and Complaints,KEEP 410,"no external links, no meaningful search demand",,0,0,,0,0,0,27,,0.0
/funstep-app-reviews-is-funstep-app-legit-or-scam/,Funstep App Reviews | Is Funstep app Legit or Scam?,KEEP 410,"no external links, no meaningful search demand",,0,0,,0,0,0,83,,0.0
/gareth-mnisi-biography/,"Gareth Mnisi Biography: Age, Net Worth, Scandal, Wife and Why He Is Trending",KEEP 410,"no external links, no meaningful search demand",,0,0,,0,0,0,89,,0.0
/geek-squad-subscription-scam/,Geek Squad Subscription Scam: Reviews and Complaints 2026,KEEP 410,"no external links, no meaningful search demand",,0,0,,0,0,0,68,,0.0
/geep-loan-review-is-geep-legit-real-or-scam/,Is Geep Loan Legit or a Scam? Reviews and Complaints 2026,KEEP 410,"no external links, no meaningful search demand",,0,0,,0,0,0,36,,0.0
/gelatide-dr-oz-scam-or-legit/,Gelatide Dr Oz Scam or Legit? Reviews,KEEP 410,"no external links, no meaningful search demand",,0,0,,0,0,0,36,,0.0
/glpro-blood-sugar-reviews-complaints/,GlPro Blood Sugar Reviews and Complaints: Is It Legit?,KEEP 410,"no external links, no meaningful search demand",,0,0,,0,0,0,32,,0.0
/gluconite-scam-or-legit/,GlucoNite Scam or Legit? Reviews and Complaints,KEEP 410,"no external links, no meaningful search demand",,0,0,,0,0,0,27,,0.0
/glucotrust-scam-or-legit/,GlucoTrust Scam or Legit? Reviews and Complaints,KEEP 410,"no external links, no meaningful search demand",,0,0,,0,0,0,25,,0.0
/glutaphos-review-is-glutaphos-safe-or-not-2/,"Glutaphos Review: Reviews, Complaints and Honest Overview 2026",KEEP 410,"no external links, no meaningful search demand",,0,0,,0,0,0,32,,0.0
/glutaphos-review-is-glutaphos-safe-or-not/,Glutaphos Review 2026: Is It Safe and Does It Work?,KEEP 410,"no external links, no meaningful search demand",,0,0,,0,0,0,53,,0.0
/glyco-harmony-reviews-complaints/,Glyco Harmony Reviews and Complaints: Is It Legit?,KEEP 410,"no external links, no meaningful search demand",,0,0,,0,0,0,29,,0.0
/gmeelan-sakura-underarm-review-does-it-work/,"Gmeelan Sakura Underarm Review: Reviews, Complaints and Honest Overview 2026",KEEP 410,"no external links, no meaningful search demand",,0,0,,0,0,0,54,,0.0
/gosolr-reviews-gosolr-co-za-reviews/,GoSolr Reviews 2026: Is GoSolr a Reliable Solar Provider in South Africa?,KEEP 410,"no external links, no meaningful search demand",,0,0,,0,0,0,68,,0.0
/govplus-scam-or-legit/,GovPlus Scam or Legit? Reviews and Complaints,KEEP 410,"no external links, no meaningful search demand",,0,0,,0,0,0,29,,0.0
/grace-loan-advance-reviews-complaints/,Grace Loan Advance Reviews and Complaints: Is It Legit?,KEEP 410,"no external links, no meaningful search demand",,0,0,,0,0,0,47,,0.0
/great-patriot-store-reviews-complaints-negative/,Great Patriot Store Reviews Complaints Negative,KEEP 410,"no external links, no meaningful search demand",,0,0,,0,0,0,47,,0.0
/gtbank-company-profile-digital-banking-strength-and-weak-spots/,GTBank Company Profile: Digital Banking Strength and Weak Spots,KEEP 410,"no external links, no meaningful search demand",,0,0,,0,0,0,53,,0.0
/gym-in-a-box-reviews/,Gym in a Box Reviews 2026: Is It Worth the Investment?,KEEP 410,"no external links, no meaningful search demand",,0,0,,0,0,0,37,,0.0
/heart-fit-clinic-edmonton-reviews-2/,Heart Fit Clinic Edmonton Reviews,KEEP 410,"no external links, no meaningful search demand",,0,0,,0,0,0,50,,0.0
/heart-fit-clinic-edmonton-reviews/,Heart Fit Clinic Edmonton Reviews 2026: What Patients Say,KEEP 410,"no external links, no meaningful search demand",,0,0,,0,0,0,61,,0.0
/helaslim-review-complaints-and-side-effects-2/,"Helaslim: Reviews, Complaints, Benefits and Side Effects 2026",KEEP 410,"no external links, no meaningful search demand",,0,0,,0,0,0,41,,0.0
/helaslim-review-complaints-and-side-effects/,helaslim review: complaints and side effects,KEEP 410,"no external links, no meaningful search demand",,0,0,,0,0,0,70,,0.0
/helpforgottenjews-org-reviews-and-complaints/,helpforgottenjews.org reviews and complaints,KEEP 410,"no external links, no meaningful search demand",,0,0,,0,0,0,63,,0.0
/heovl-net-scam-or-legit/,heovl.net Scam or Legit? Reviews and Complaints,KEEP 410,"no external links, no meaningful search demand",,0,0,,0,0,0,29,,0.0
/hexclad-cookware-scam-or-legit/,HexClad Cookware Scam or Legit? Reviews and Complaints,KEEP 410,"no external links, no meaningful search demand",,0,0,,0,0,0,28,,0.0
/hike-footwear-scam-or-legit/,Hike Footwear Scam or Legit? Reviews and Complaints,KEEP 410,"no external links, no meaningful search demand",,0,0,,0,0,0,19,,0.0
/holyprofweb-com-review/,Holyprofweb.com Review: Is Holyprofweb Legit or a Scam? Full Site Overview,KEEP 410,"no external links, no meaningful search demand",,0,0,,0,0,0,90,,0.0
/home-credit-cash-loan-reviews-on-interest-rates/,Home Credit Cash Loan Reviews 2026: Interest Rates and User Experiences,KEEP 410,"no external links, no meaningful search demand",,0,0,,0,0,0,100,,0.0
/homeaglow-scam-or-legit/,Homeaglow Scam or Legit? Reviews and Complaints,KEEP 410,"no external links, no meaningful search demand",,0,0,,0,0,0,24,,0.0
/how-to-convert-xlm-to-usdt-on-kucoin/,How To Convert Xlm To USDT on Kucoin,KEEP 410,"no external links, no meaningful search demand",,0,0,,0,0,0,51,,0.0
/hyergra-200-side-effects/,Hyergra 200 Side Effects: Complete Guide,KEEP 410,"no external links, no meaningful search demand",,0,0,,0,0,0,50,,0.0
/hypercharge-pro-scam-or-legit/,HyperCharge Pro Scam or Legit? Reviews and Complaints,KEEP 410,"no external links, no meaningful search demand",,0,0,,0,0,0,19,,0.0
/immediate-fortune-scam-or-legit/,Immediate Fortune Scam or Legit? Reviews and Complaints,KEEP 410,"no external links, no meaningful search demand",,0,0,,0,0,0,36,,0.0
/immediate-nextgen-scam-or-legit/,Immediate NextGen Scam or Legit? Reviews and Complaints,KEEP 410,"no external links, no meaningful search demand",,0,0,,0,0,0,30,,0.0
/infinitai-legit-or-scam-reviews-and-complaints/,Infinitai Legit or Scam Reviews and Complaints,KEEP 410,"no external links, no meaningful search demand",,0,0,,0,0,0,47,,0.0
/influencers-placeholder-overview/,,KEEP 410,"no external links, no meaningful search demand",,0,0,,0,0,0,9,,0.0
/instant-gaming-legit/,Is Instant Gaming Legit? Instant-Gaming.com Review 2026,KEEP 410,"no external links, no meaningful search demand",,0,0,,0,0,0,38,,0.0
/insurify-scam-or-legit/,Insurify Scam or Legit? Reviews and Complaints,301 TO EQUIVALENT LIVE PAGE,same entity as /insurify-explained/,/insurify-explained/,0,0,,0,0,0,33,,0.0
/inventhelp-complaints-legit-or-scam/,InventHelp Complaints: Is InventHelp Legit or a Scam?,KEEP 410,"no external links, no meaningful search demand",,0,0,,0,0,0,39,,0.0
/inventhelp-reviews/,InventHelp Reviews 2026: Is InventHelp Legitimate or a Scam?,KEEP 410,"no external links, no meaningful search demand",,0,0,,0,0,0,42,,0.0
/investyrefy-com-scam-or-legit/,investyrefy.com Scam or Legit? Reviews and Complaints,KEEP 410,"no external links, no meaningful search demand",,0,0,,0,0,0,29,,0.0
/iowa-dot-scam/,Iowa DOT Scam Alert 2026: How to Spot Fake Iowa DMV Texts,KEEP 410,"no external links, no meaningful search demand",,0,0,,0,0,0,57,,0.0
/ipams-job-hiring-2024-all-you-need-to-know/,IPAMS Job Hiring: All You Need to Know 2026,KEEP 410,"no external links, no meaningful search demand",,0,0,,0,0,0,52,,0.0
/irs-fresh-start-program-legit-or-scam/,IRS Fresh Start Program: Is It Legit or a Scam?,KEEP 410,"no external links, no meaningful search demand",,0,0,,0,0,0,38,,0.0
/is-17track-legit-or-scam-reviews-complaints/,Is 17Track Legit or a Scam? 17Track Reviews 2026,KEEP 410,"no external links, no meaningful search demand",,0,0,,0,0,0,120,,0.0
/is-80eighty-legit-80eighty-reviews-2023/,Is 80Eighty Legit? 80Eighty Reviews 2026,KEEP 410,"no external links, no meaningful search demand",,0,0,,0,0,0,80,,0.0
/is-airmoto-legit-or-scam-reviews-complaints/,Is Airmoto Legit or a Scam? Airmoto Reviews and Complaints 2026,KEEP 410,"no external links, no meaningful search demand",,0,0,,0,0,0,54,,0.0
/is-aka-ms-legit-or-scam-reviews-complains-2024/,,KEEP 410,"no external links, no meaningful search demand",,0,0,,0,0,0,32,,0.0
/is-aka-ms-legit-or-scam-reviews-complains-2026-2/,Is aka.ms legit or scam? Reviews & complains 2026,KEEP 410,"no external links, no meaningful search demand",,0,0,,0,0,0,81,,0.0
/is-aka-ms-legit-or-scam-reviews-complains-2026/,Is aka.ms legit or scam? Reviews & complains 2026,KEEP 410,"no external links, no meaningful search demand",,0,0,,0,0,0,83,,0.0
/is-albert-legit/,Is Albert Legit? Albert Financial App Review 2026,KEEP 410,"no external links, no meaningful search demand",,0,0,,0,0,0,57,,0.0
/is-alderspring-ranch-legit-or-scam-reviews-location-2024/,,KEEP 410,"no external links, no meaningful search demand",,0,0,,0,0,0,16,,0.0
/is-alderspring-ranch-legit-or-scam-reviews-location-2026/,Is Alderspring Ranch Legit? Reviews and Location 2026,KEEP 410,"no external links, no meaningful search demand",,0,0,,0,0,0,73,,0.0
/is-alibaba-legit-or-scam/,Is Alibaba Legit or a Scam? Reviews and Complaints 2026,301 TO EQUIVALENT LIVE PAGE,same entity as /alibaba-com-explained/,/alibaba-com-explained/,0,0,,0,0,0,30,,0.0
/is-aliexpress-legit-or-scam/,Is AliExpress Legit or a Scam? Reviews and Complaints 2026,301 TO EQUIVALENT LIVE PAGE,same entity as /aliexpress-explained/,/aliexpress-explained/,0,0,,0,0,0,30,,0.0
/is-alinea-legit/,Is Alinea Legit? The Investing App for Beginners Reviewed,KEEP 410,"no external links, no meaningful search demand",,0,0,,0,0,0,35,,0.0
/is-aluminiumk-scam-or-legit-aluminiumk-com-review/,Is AluminiumK Legit or a Scam? AluminiumK.com Review 2026,KEEP 410,"no external links, no meaningful search demand",,0,0,,0,0,0,38,,0.0
/is-aquoxis-legit-or-scam/,Is Aquoxis Legit or a Scam? Reviews and Complaints,KEEP 410,"no external links, no meaningful search demand",,0,0,,0,0,0,40,,0.0
/is-auto-approve-legit-or-scam-reviews-and-complain/,Is Auto Approve Legit or a Scam? Auto Approve Reviews 2026,KEEP 410,"no external links, no meaningful search demand",,0,0,,0,0,0,67,,0.0
/is-autoratesnow-legit-reviews-complaints-2026/,Is Autoratesnow Legit or a Scam? autoratesnow.com Reviews and Complaints 2026,KEEP 410,"no external links, no meaningful search demand",,0,0,,0,0,0,48,,0.0
/is-azazie-legit-2/,Is Azazie Legit? Azazie Bridesmaid Dress Review 2026,KEEP 410,"no external links, no meaningful search demand",,0,0,,0,0,0,43,,0.0
/is-azazie-legit/,Is Azazie Legit? Honest Review of the Bridal and Bridesmaid Dress Site,KEEP 410,"no external links, no meaningful search demand",,0,0,,0,0,0,61,,0.0
/is-back-market-legit-or-scam/,Is Back Market Legit or a Scam? Reviews and Complaints,301 TO EQUIVALENT LIVE PAGE,same entity as /back-market-explained/,/back-market-explained/,0,0,,0,0,0,48,,0.0
/is-back-market-legit/,Is Back Market Legit? Buying Refurbished Electronics Reviewed,301 TO EQUIVALENT LIVE PAGE,same entity as /back-market-explained/,/back-market-explained/,0,0,,0,0,0,38,,0.0
/is-beast-dice-com-legit-beast-dice-com-reviews/,Is beast dice com legit? Beast-dice.com reviews,KEEP 410,"no external links, no meaningful search demand",,0,0,,0,0,0,49,,0.0
/is-been-verified-legit/,Is BeenVerified Legit? BeenVerified Review 2026,KEEP 410,"no external links, no meaningful search demand",,0,0,,0,0,0,38,,0.0
/is-bettijo-hirschi-real/,Is Bettijo B. Hirschi a Real Woman or Man? Biography Review 2026,KEEP 410,"no external links, no meaningful search demand",,0,0,,0,0,0,38,,0.0
/is-bewriters-net-legit-bewriters-review/,Is Bewriters Net Legit or a Scam? Reviews and Complaints 2026,KEEP 410,"no external links, no meaningful search demand",,0,0,,0,0,0,38,,0.0
/is-birdview-travels-legit-or-scam-reviews-and-complaints/,Is Birdview Travels Legit or a Scam? Reviews and Complaints 2026,KEEP 410,"no external links, no meaningful search demand",,0,0,,0,0,0,87,,0.0
/is-bitsofix-a-legit-crypto-investment-platform-or-a-scam-reviews-2024/,,KEEP 410,"no external links, no meaningful search demand",,0,0,,0,0,0,19,,0.0
/is-bitsofix-a-legit-crypto-investment-platform-or-a-scam-reviews-2026/,Is Bitsofix a Legit Crypto Investment Platform or a Scam? Reviews 2026,KEEP 410,"no external links, no meaningful search demand",,0,0,,0,0,0,45,,0.0
/is-black-snow-agency-scam-or-legit-reviews/,Is Black Snow Agency a Scam or Legit? Reviews 2026,KEEP 410,"no external links, no meaningful search demand",,0,0,,0,0,0,72,,0.0
/is-bloom-supply-legit-or-scam-reviews-and-complaints/,Is Bloom Supply Legit or a Scam? Reviews and Complaints 2026,KEEP 410,"no external links, no meaningful search demand",,0,0,,0,0,0,47,,0.0
/is-bloomchic-legit-bloomchic-com-reviews/,Is Bloomchic Legit? Bloomchic.com Reviews 2026,KEEP 410,"no external links, no meaningful search demand",,0,0,,0,0,0,68,,0.0
/is-bold-org-legit/,Is Bold.org Legit? Scholarships Reviews and Complaints,KEEP 410,"no external links, no meaningful search demand",,0,0,,0,0,0,38,,0.0
/is-booking-com-legit-or-scam/,Is Booking.com Legit or a Scam? Reviews and Complaints,301 TO EQUIVALENT LIVE PAGE,same entity as /booking-com-explained/,/booking-com-explained/,0,0,,0,0,0,31,,0.0
/is-branded-surveys-legit-or-scam/,Is Branded Surveys Legit or a Scam? Reviews,KEEP 410,"no external links, no meaningful search demand",,0,0,,0,0,0,27,,0.0
/is-budget-air-legit-2/,Is Budget Air Legit? BudgetAir.com Review 2026,KEEP 410,"no external links, no meaningful search demand",,0,0,,0,0,0,28,,0.0
/is-budget-air-legit/,Is Budget Air Legit? Cheap Flight Booking Site Honestly Reviewed,KEEP 410,"no external links, no meaningful search demand",,0,0,,0,0,0,37,,0.0
/is-buff-legit-or-scam/,Is Buff Legit or a Scam? Reviews and Complaints,KEEP 410,"no external links, no meaningful search demand",,0,0,,0,0,0,27,,0.0
/is-car-shield-a-scam/,Is CarShield a Scam? CarShield Review 2026,KEEP 410,"no external links, no meaningful search demand",,0,0,,0,0,0,51,,0.0
/is-cettire-legit-2/,Is Cettire Legit? Cettire Luxury Fashion Review 2026,KEEP 410,"no external links, no meaningful search demand",,0,0,,0,0,0,52,,0.0
/is-cettire-legit/,Is Cettire Legit? The Luxury Fashion Discounter Under the Microscope,KEEP 410,"no external links, no meaningful search demand",,0,0,,0,0,0,41,,0.0
/is-charm-li-legit-or-scam-reviews-and-complaints-2/,is Charm Li Legit or Scam Reviews and Complaints,KEEP 410,"no external links, no meaningful search demand",,0,0,,0,0,0,35,,0.0
/is-charm-li-legit-or-scam-reviews-and-complaints/,Is Charm Li Legit or a Scam? Reviews and Complaints 2026,KEEP 410,"no external links, no meaningful search demand",,0,0,,0,0,0,81,,0.0
/is-christianbook-com-legit/,Is ChristianBook.com Legit? ChristianBook Review 2026,KEEP 410,"no external links, no meaningful search demand",,0,0,,0,0,0,48,,0.0
/is-clairvoyance-virtual-training-legit-or-scam-reviews-2024/,,KEEP 410,"no external links, no meaningful search demand",,0,0,,0,0,0,0,,0.0
/is-clairvoyance-virtual-training-legit-or-scam-reviews-2026/,Is clairvoyance virtual training legit or scam? Reviews 2026,KEEP 410,"no external links, no meaningful search demand",,0,0,,0,0,0,28,,0.0
/is-clairvoyance-virtual-training-legit-reviews-2/,Is Clairvoyance Virtual Training Legit or a Scam? Reviews and Complaints 2026,KEEP 410,"no external links, no meaningful search demand",,0,0,,0,0,0,32,,0.0
/is-clairvoyance-virtual-training-legit-reviews/,Is Clairvoyance Virtual Training Legit? Full Review 2026,KEEP 410,"no external links, no meaningful search demand",,0,0,,0,0,0,93,,0.0
/is-cloaked-legit/,Is Cloaked Legit? What You Need to Know Before Signing Up,KEEP 410,"no external links, no meaningful search demand",,0,0,,0,0,0,47,,0.0
/is-cosmofeed-real-or-fake-legit-or-scam-reviews/,Is Cosmofeed Real or Fake Legit or a Scam? Reviews and Complaints 2026,KEEP 410,"no external links, no meaningful search demand",,0,0,,0,0,0,43,,0.0
/is-coursera-legit-or-scam/,Is Coursera Legit or a Scam? Reviews and Complaints,KEEP 410,"no external links, no meaningful search demand",,0,0,,0,0,0,31,,0.0
/is-credit-score-iq-legit-or-scam-reviews/,Is Credit Score IQ Legit or a Scam? Reviews 2026,KEEP 410,"no external links, no meaningful search demand",,0,0,,0,0,0,31,,0.0
/is-ctbiglist-com-legit-or-scam-reviews-complains-2024/,,KEEP 410,"no external links, no meaningful search demand",,0,0,,0,0,0,4,,0.0
/is-ctbiglist-com-legit-or-scam-reviews-complains-2026/,Is ctbiglist.com legit or scam? Reviews & complains 2026,KEEP 410,"no external links, no meaningful search demand",,0,0,,0,0,0,58,,0.0
/is-cutmore-travel-legit-review-2025-is-it-legit-or-scam-2/,Is Cutmore Travel Legit or a Scam? Reviews and Complaints 2026,KEEP 410,"no external links, no meaningful search demand",,0,0,,0,0,0,26,,0.0
/is-cutmore-travel-legit-review-2025-is-it-legit-or-scam/,Is Cutmore Travel Legit? Honest Review 2026,KEEP 410,"no external links, no meaningful search demand",,0,0,,0,0,0,42,,0.0
/is-cvgun-jobs-fake-or-real-cvgun-com-reviews/,Is cvgun jobs fake or real? Cvgun.com reviews,KEEP 410,"no external links, no meaningful search demand",,0,0,,0,0,0,71,,0.0
/is-data-annotation-legit-or-scam/,Is Data Annotation Legit or a Scam? Reviews,301 TO EQUIVALENT LIVE PAGE,same entity as /dataannotation-explained/,/dataannotation-explained/,0,0,,0,0,0,36,,0.0
/is-data-annotation-legit/,Is Data Annotation Legit? AI Training Work-From-Home Job Reviewed,301 TO EQUIVALENT LIVE PAGE,same entity as /dataannotation-explained/,/dataannotation-explained/,0,0,,0,0,0,39,,0.0
/is-dealdash-legit/,Is DealDash Legit? The Penny Auction Site Honestly Explained,KEEP 410,"no external links, no meaningful search demand",,0,0,,0,0,0,35,,0.0
/is-deferit-legit-review-2025-is-it-legit-or-scam/,Is Deferit Legit? Honest Deferit Review 2026,KEEP 410,"no external links, no meaningful search demand",,0,0,,0,0,0,84,,0.0
/is-depop-legit/,Is Depop Legit? What Buyers and Sellers Need to Know,301 TO EQUIVALENT LIVE PAGE,same entity as /depop-explained/,/depop-explained/,0,0,,0,0,0,32,,0.0
/is-difmark-legit-or-scam/,Is Difmark Legit or a Scam? Reviews and Complaints,KEEP 410,"no external links, no meaningful search demand",,0,0,,0,0,0,31,,0.0
/is-dispenseree-legit-or-scam-reviews-complains-2024/,,KEEP 410,"no external links, no meaningful search demand",,0,0,,0,0,0,7,,0.0
/is-dispenseree-legit-or-scam-reviews-complains-2026/,Is dispenseree legit or scam? Reviews & complains 2026,KEEP 410,"no external links, no meaningful search demand",,0,0,,0,0,0,83,,0.0
/is-dr-melaxin-legit-or-scam/,Is Dr Melaxin Legit or a Scam? Reviews and Complaints,KEEP 410,"no external links, no meaningful search demand",,0,0,,0,0,0,36,,0.0
/is-eldorado-legit-or-scam/,Is Eldorado.gg Legit or a Scam? Reviews,KEEP 410,"no external links, no meaningful search demand",,0,0,,0,0,0,40,,0.0
/is-elisa-travel-agency-legit-elisa-reviews/,"Elisa Travel Agency: Biography, Age, Career, Family and More 2026",KEEP 410,"no external links, no meaningful search demand",,0,0,,0,0,0,46,,0.0
/is-elusdt-legit-or-scam-elusdt-com-reviews/,is Elusdt legit or scam? Elusdt.com reviews,KEEP 410,"no external links, no meaningful search demand",,0,0,,0,0,0,46,,0.0
/is-etags-legit-etags-com-reviews/,Is eTags Legit? eTags.com Reviews 2026,KEEP 410,"no external links, no meaningful search demand",,0,0,,0,0,0,85,,0.0
/is-eticketing-co-legit-or-scam-reviews-2024/,is eTicketing co Legit or Scam Reviews 2024,KEEP 410,"no external links, no meaningful search demand",,0,0,,0,0,0,57,,0.0
/is-farfetch-legit-2/,Is Farfetch Legit? Farfetch Luxury Fashion Review 2026,KEEP 410,"no external links, no meaningful search demand",,0,0,,0,0,0,41,,0.0
/is-farfetch-legit/,Is Farfetch Legit? Luxury Fashion Marketplace Reviewed,KEEP 410,"no external links, no meaningful search demand",,0,0,,0,0,0,42,,0.0
/is-fast-loan-advance-legit-or-scam/,Is Fast Loan Advance Legit or a Scam? Reviews,KEEP 410,"no external links, no meaningful search demand",,0,0,,0,0,0,48,,0.0
/is-fb7777-legit-and-reliable-casino-fb7777-review/,is FB7777 Legit and Reliable Casino FB7777 Review,KEEP 410,"no external links, no meaningful search demand",,0,0,,0,0,0,42,,0.0
/is-finance-phantom-legit-or-scam/,Is Finance Phantom Legit or a Scam? Reviews,KEEP 410,"no external links, no meaningful search demand",,0,0,,0,0,0,34,,0.0
/is-finelo-a-scam/,Is Finelo a Scam? Personalised Finance App Reviewed,KEEP 410,"no external links, no meaningful search demand",,0,0,,0,0,0,40,,0.0
/is-fines-sa-legit-or-scam-reviews/,is Fines SA Legit or Scam Reviews,KEEP 410,"no external links, no meaningful search demand",,0,0,,0,0,0,44,,0.0
/is-flexjobs-legit-or-scam/,Is FlexJobs Legit or a Scam? Reviews and Complaints,KEEP 410,"no external links, no meaningful search demand",,0,0,,0,0,0,20,,0.0
/is-freecash-legit/,Is FreeCash Legit? FreeCash Review 2026 — Does It Pay?,KEEP 410,"no external links, no meaningful search demand",,0,0,,0,0,0,155,,0.0
/is-freetaxusa-legit-or-scam/,Is FreeTaxUSA Legit or a Scam? Reviews and Complaints,301 TO EQUIVALENT LIVE PAGE,same entity as /freetaxusa-explained/,/freetaxusa-explained/,0,0,,0,0,0,29,,0.0
/is-frontieras-legit/,Is Frontieras Legit? Frontieras Review 2026,KEEP 410,"no external links, no meaningful search demand",,0,0,,0,0,0,34,,0.0
/is-gametime-legit-or-scam/,Is Gametime Legit or a Scam? Reviews and Complaints,KEEP 410,"no external links, no meaningful search demand",,0,0,,0,0,0,36,,0.0
/is-giftly-legit/,Is Giftly Legit? Online Gift Card Platform Honestly Reviewed,KEEP 410,"no external links, no meaningful search demand",,0,0,,0,0,0,36,,0.0
/is-glycetra-a-scam/,Is Glycetra a Scam? Reviews and Complaints,KEEP 410,"no external links, no meaningful search demand",,0,0,,0,0,0,33,,0.0
/is-govassist-legit-scam-company-govassist-review/,Is Govassist Legit or a Scam? Reviews and Complaints 2026,KEEP 410,"no external links, no meaningful search demand",,0,0,,0,0,0,52,,0.0
/is-govdeals-legit/,Is GovDeals Legit? The Truth About Buying Government Surplus Auctions,KEEP 410,"no external links, no meaningful search demand",,0,0,,0,0,0,35,,0.0
/is-growbiz-network-legit-scam-real-fake-reviews/,is Growbiz Network Legit Scam Real Fake Reviews,KEEP 410,"no external links, no meaningful search demand",,0,0,,0,0,0,65,,0.0
/is-guardio-legit-or-scam/,Is Guardio Legit or a Scam? Reviews and Complaints,KEEP 410,"no external links, no meaningful search demand",,0,0,,0,0,0,40,,0.0
/is-guardio-legit/,Is Guardio Legit? Browser Security Extension Honestly Reviewed,KEEP 410,"no external links, no meaningful search demand",,0,0,,0,0,0,37,,0.0
/is-halara-legit-or-scam/,Is Halara Legit or a Scam? Reviews and Complaints,KEEP 410,"no external links, no meaningful search demand",,0,0,,0,0,0,54,,0.0
/is-handshake-ai-legit-or-scam/,Is Handshake AI Legit or a Scam? Reviews and Complaints,301 TO EQUIVALENT LIVE PAGE,same entity as /handshake-ai-explained/,/handshake-ai-explained/,0,0,,0,0,0,50,,0.0
/is-handshake-ai-legit-reviews-2026/,Is Handshake AI Legit or a Scam? Reviews and Complaints 2026,301 TO EQUIVALENT LIVE PAGE,same entity as /handshake-ai-explained/,/handshake-ai-explained/,0,0,,0,0,0,48,,0.0
/is-handsome-dans-legit-uk-reviews-and-complaints/,Is Handsome Dan's Legit? UK Reviews and Complaints 2026,KEEP 410,"no external links, no meaningful search demand",,0,0,,0,0,0,68,,0.0
/is-helping-hands-legit-or-scam/,Is Helping Hands Legit or a Scam? Reviews and Complaints,KEEP 410,"no external links, no meaningful search demand",,0,0,,0,0,0,37,,0.0
/is-homeloanserv-legit-or-a-scam-review-2023/,Is HomeLoanServ Legit or a Scam? Review 2026,KEEP 410,"no external links, no meaningful search demand",,0,0,,0,0,0,56,,0.0
/is-id-me-legit-and-safe/,Is ID.me Legit and Safe? Reviews and Complaints,KEEP 410,"no external links, no meaningful search demand",,0,0,,0,0,0,32,,0.0
/is-id-me-legit/,Is ID.me Legit? Government Identity Verification Service Reviewed,KEEP 410,"no external links, no meaningful search demand",,0,0,,0,0,0,36,,0.0
/is-igreef-legit-or-scam-igreef-com-reviews-2023/,Is iGreef Legit or a Scam? iGreef.com Reviews 2026,KEEP 410,"no external links, no meaningful search demand",,0,0,,0,0,0,33,,0.0
/is-impulse-inc-legit-or-scam-data-entry-reviews-2/,Is Impulse Inc Legit or a Scam? Reviews and Complaints 2026,KEEP 410,"no external links, no meaningful search demand",,0,0,,0,0,0,33,,0.0
/is-impulse-inc-legit-or-scam-data-entry-reviews/,Is Impulse Inc Legit? Data Entry Job Reviews 2026,KEEP 410,"no external links, no meaningful search demand",,0,0,,0,0,0,134,,0.0
/is-instant-gaming-legit-or-scam/,Is Instant Gaming Legit or a Scam? Reviews,KEEP 410,"no external links, no meaningful search demand",,0,0,,0,0,0,35,,0.0
/is-invisposture-com-scam-or-not-reviews-and-complaints/,Is Invisposture.com a Scam or Legit? Reviews and Complaints 2026,KEEP 410,"no external links, no meaningful search demand",,0,0,,0,0,0,64,,0.0
/is-ipsos-isay-legit-reviews-complaints-2026/,Is Ipsos iSay Legit or a Scam? Ipsos iSay Reviews and Complaints 2026,KEEP 410,"no external links, no meaningful search demand",,0,0,,0,0,0,39,,0.0
/is-iron-airdrop-legit-or-scam-reviews-and-complaints-2024/,,KEEP 410,"no external links, no meaningful search demand",,0,0,,0,0,0,18,,0.0
/is-iron-airdrop-legit-or-scam-reviews-and-complaints-2026-2/,is iron airdrop legit or scam? reviews and complaints 2026,KEEP 410,"no external links, no meaningful search demand",,0,0,,0,0,0,66,,0.0
/is-iron-airdrop-legit-or-scam-reviews-and-complaints-2026/,is iron airdrop legit or scam? reviews and complaints 2026,KEEP 410,"no external links, no meaningful search demand",,0,0,,0,0,0,45,,0.0
/is-isthereanydeal-legit-or-scam-reviews-and-complaints-2024/,,KEEP 410,"no external links, no meaningful search demand",,0,0,,0,0,0,31,,0.0
/is-isthereanydeal-legit-or-scam-reviews-and-complaints-2026/,Is IsThereAnyDeal Legit or a Scam? Reviews 2026,KEEP 410,"no external links, no meaningful search demand",,0,0,,0,0,0,97,,0.0
/is-its-juliet-legit-itsjuliet-com-its-juliet-reviews/,is its juliet legit? Itsjuliet.com. It's juliet reviews,KEEP 410,"no external links, no meaningful search demand",,0,0,,0,0,0,37,,0.0
/is-jomashop-legit-or-scam/,Is Jomashop Legit or a Scam? Reviews,KEEP 410,"no external links, no meaningful search demand",,0,0,,0,0,0,36,,0.0
/is-joybuy-legit/,Is JoyBuy Legit? JoyBuy Review 2026,KEEP 410,"no external links, no meaningful search demand",,0,0,,0,0,0,75,,0.0
/is-joyit-app-legit-or-not-reviews-and-complaints/,is Joyit App Legit or not Reviews and Complaints,KEEP 410,"no external links, no meaningful search demand",,0,0,,0,0,0,43,,0.0
/is-justanswer-a-scam/,Is JustAnswer a Scam? Reviews and Complaints,KEEP 410,"no external links, no meaningful search demand",,0,0,,0,0,0,33,,0.0
/is-kalshi-legit-a-comprehensive-review/,Is Kalshi Legit? A Comprehensive Kalshi Review 2026,KEEP 410,"no external links, no meaningful search demand",,0,0,,0,0,0,106,,0.0
/is-kashkick-legit-reviews-complaints-2026/,Is KashKick Legit or a Scam? KashKick Reviews and Complaints 2026,KEEP 410,"no external links, no meaningful search demand",,0,0,,0,0,0,41,,0.0
/is-kashkick-legit/,Is KashKick Legit? Get-Paid-To Site Honestly Reviewed,KEEP 410,"no external links, no meaningful search demand",,0,0,,0,0,0,37,,0.0
/is-kikoff-legit/,Is Kikoff Legit? The Credit-Building App Honestly Reviewed,KEEP 410,"no external links, no meaningful search demand",,0,0,,0,0,0,38,,0.0
/is-kinguin-legit-or-scam/,Is Kinguin Legit or a Scam? Reviews and Complaints,KEEP 410,"no external links, no meaningful search demand",,0,0,,0,0,0,36,,0.0
/is-kiwi-com-legit-or-scam/,Is Kiwi.com Legit or a Scam? Reviews and Complaints,301 TO EQUIVALENT LIVE PAGE,same entity as /kiwi-com-explained/,/kiwi-com-explained/,0,0,,0,0,0,28,,0.0
/is-lewkin-legit-or-scam-lewkin-com-reviews/,Is Lewkin Legit or a Scam? Lewkin.com Reviews 2026,KEEP 410,"no external links, no meaningful search demand",,0,0,,0,0,0,90,,0.0
/is-livent-legit-or-scam-reviews-and-complaints/,Is Livent Legit or a Scam? Livent Reviews and Complaints 2026,KEEP 410,"no external links, no meaningful search demand",,0,0,,0,0,0,51,,0.0
/is-lmk-friends-money-legit-or-scam-reviews-and-complaints/,is lmk friends money legit or scam? Reviews and complaints,KEEP 410,"no external links, no meaningful search demand",,0,0,,0,0,0,37,,0.0
/is-low6-legit-or-scam-reviews-and-complaints/,Is Low6 Legit or a Scam? Low6 Reviews and Complaints 2026,KEEP 410,"no external links, no meaningful search demand",,0,0,,0,0,0,37,,0.0
/is-lucky-sudoku-app-legit-good-app-lucky-sudoku-reviews-complains-2024/,,KEEP 410,"no external links, no meaningful search demand",,0,0,,0,0,0,5,,0.0
/is-lucky-sudoku-app-legit-good-app-lucky-sudoku-reviews-complains-2026/,Is lucky sudoku app legit & good App? Lucky sudoku reviews & complains 2026,KEEP 410,"no external links, no meaningful search demand",,0,0,,0,0,0,51,,0.0
/is-lucky-sudoku-app-legit-reviews-complains/,Is Lucky Sudoku App Legit? Reviews and Complaints 2026,KEEP 410,"no external links, no meaningful search demand",,0,0,,0,0,0,52,,0.0
/is-lulus-legit-a-good-brand-or-not-reviews/,Is Lulus Legit? Is It a Good Brand? Lulus Reviews 2026,KEEP 410,"no external links, no meaningful search demand",,0,0,,0,0,0,51,,0.0
/is-magicbinge-legit-magicbinge-com-reviews/,Is magicbinge legit? Magicbinge.com reviews,KEEP 410,"no external links, no meaningful search demand",,0,0,,0,0,0,59,,0.0
/is-maxion-research-legit-or-scam-reviews-and-complaints-2/,Is maxion research legit or scam? Reviews and complaints,KEEP 410,"no external links, no meaningful search demand",,0,0,,0,0,0,38,,0.0
/is-maxion-research-legit-or-scam-reviews-and-complaints-3/,Is Maxion Research Legit or a Scam? Reviews and Complaints 2026,KEEP 410,"no external links, no meaningful search demand",,0,0,,0,0,0,34,,0.0
/is-maxion-research-legit-or-scam-reviews-and-complaints/,Is Maxion Research Legit or a Scam? Full Review 2026,KEEP 410,"no external links, no meaningful search demand",,0,0,,0,0,0,157,,0.0
/is-mazalti-legit-or-scam-mazalti-jewelries-store-reviews/,Is mazalti legit or scam? Mazalti Jewelries store reviews,KEEP 410,"no external links, no meaningful search demand",,0,0,,0,0,0,65,,0.0
/is-medvi-legit-or-scam/,Is Medvi Legit or a Scam? Reviews and Complaints,KEEP 410,"no external links, no meaningful search demand",,0,0,,0,0,0,33,,0.0
/is-memechat-mystery-box-real-or-fake-reviews/,is Memechat Mystery Box Real or Fake Reviews,KEEP 410,"no external links, no meaningful search demand",,0,0,,0,0,0,52,,0.0
/is-mexipharmacy-legit-or-scam/,Is Mexipharmacy Legit or a Scam? Reviews,KEEP 410,"no external links, no meaningful search demand",,0,0,,0,0,0,28,,0.0
/is-miss-rosier-legit/,Is Miss Rosier Legit? Miss Rosier Fashion Review 2026,KEEP 410,"no external links, no meaningful search demand",,0,0,,0,0,0,40,,0.0
/is-mitolyn-legit-or-scam/,Is Mitolyn Legit or a Scam? Reviews and Complaints,KEEP 410,"no external links, no meaningful search demand",,0,0,,0,0,0,24,,0.0
/is-money-pilot-legit-reviews-complaints-2026/,Is Money Pilot Legit or a Scam? Money Pilot App Reviews and Complaints 2026,KEEP 410,"no external links, no meaningful search demand",,0,0,,0,0,0,47,,0.0
/is-moneypantry-legit-moneypantry-com-reviews/,MoneyPantry.com Reviews: Is MoneyPantry Legit for Making Money?,KEEP 410,"no external links, no meaningful search demand",,0,0,,0,0,0,29,,0.0
/is-moneypilot-legit-or-scam/,Is MoneyPilot Legit or a Scam? Reviews and Complaints,KEEP 410,"no external links, no meaningful search demand",,0,0,,0,0,0,35,,0.0
/is-mywinningcode-legit-or-scam-reviews-complaints/,Is Mywinningcode Legit or a Scam? Reviews and Complaints 2026,KEEP 410,"no external links, no meaningful search demand",,0,0,,0,0,0,49,,0.0
/is-national-debt-relief-legit/,Is National Debt Relief Legit? National Debt Relief Review 2026,KEEP 410,"no external links, no meaningful search demand",,0,0,,0,0,0,44,,0.0
/is-nebroo-a-scam/,Is Nebroo a Scam? Reviews and Complaints,KEEP 410,"no external links, no meaningful search demand",,0,0,,0,0,0,42,,0.0
/is-neurogo-legit-or-scam/,Is Neurogo Legit or a Scam? Reviews and Complaints,KEEP 410,"no external links, no meaningful search demand",,0,0,,0,0,0,49,,0.0
/is-nextdoor-legit-or-scam-site-reviews-complains-2024/,,KEEP 410,"no external links, no meaningful search demand",,0,0,,0,0,0,6,,0.0
/is-nextdoor-legit-or-scam-site-reviews-complains-2026/,is nextdoor legit or scam site? Reviews & complains 2026,KEEP 410,"no external links, no meaningful search demand",,0,0,,0,0,0,45,,0.0
/is-noodlemagazine-legit/,Is Noodlemagazine Legit or Not? Reviews,KEEP 410,"no external links, no meaningful search demand",,0,0,,0,0,0,35,,0.0
/is-nsls-legit-national-society-of-leadership-and-success/,Is NSLS Legit? National Society of Leadership and Success Reviews 2026,KEEP 410,"no external links, no meaningful search demand",,0,0,,0,0,0,118,,0.0
/is-nustabet-legit-or-scam-nustabet-review-2023/,Is Nustabet Legit or a Scam? Reviews and Complaints 2026,KEEP 410,"no external links, no meaningful search demand",,0,0,,0,0,0,55,,0.0
/is-oldgamesdownload-com-legit-or-scam-reviews/,Is OldGamesDownload.com Legit or a Scam? Review 2026,KEEP 410,"no external links, no meaningful search demand",,0,0,,0,0,0,136,,0.0
/is-ontrac-legit-or-scam-reviews-and-complaints/,Is Ontrac Legit or a Scam? Reviews and Complaints 2026,KEEP 410,"no external links, no meaningful search demand",,0,0,,0,0,0,59,,0.0
/is-opay-safe-full-breakdown-for-new-users/,Is OPay Safe? Full Breakdown for New Users,KEEP 410,"no external links, no meaningful search demand",,0,0,,0,0,0,46,,0.0
/is-otto-o2o-com-legit-or-scam-reviews-complaints-2/,Is Otto O2O com Legit or a Scam? Reviews and Complaints 2026,KEEP 410,"no external links, no meaningful search demand",,0,0,,0,0,0,40,,0.0
/is-otto-o2o-com-legit-or-scam-reviews-complaints-3/,is Otto O2O Com Legit or Scam Reviews Complaints,KEEP 410,"no external links, no meaningful search demand",,0,0,,0,0,0,42,,0.0
/is-otto-o2o-com-legit-or-scam-reviews-complaints/,Is Otto O2O.com Legit or a Scam? Reviews and Complaints 2026,KEEP 410,"no external links, no meaningful search demand",,0,0,,0,0,0,37,,0.0
/is-oura-ring-a-scam/,Is Oura Ring a Scam? Reviews and Complaints,KEEP 410,"no external links, no meaningful search demand",,0,0,,0,0,0,31,,0.0
/is-outlet-mega-sales-legit-or-scam-reviews-and-complaints/,is outlet mega sales legit or scam? reviews and complaints,KEEP 410,"no external links, no meaningful search demand",,0,0,,0,0,0,85,,0.0
/is-oztix-legit-oztix-ticket-reviews-and-complaints-2023/,Is Oztix Legit? Oztix Ticket Reviews and Complaints 2026,KEEP 410,"no external links, no meaningful search demand",,0,0,,0,0,0,44,,0.0
/is-pawbiotix-legit-or-scam/,Is Pawbiotix Legit or a Scam? Reviews and Complaints,KEEP 410,"no external links, no meaningful search demand",,0,0,,0,0,0,23,,0.0
/is-pay1040-legit-pay1040-com-reviews/,Is Pay1040 Legit? Pay1040.com Reviews 2026,KEEP 410,"no external links, no meaningful search demand",,0,0,,0,0,0,246,,0.0
/is-paynearme-scam-or-legit-reviews-and-complaints/,Is Paynearme Legit or a Scam? Reviews and Complaints 2026,KEEP 410,"no external links, no meaningful search demand",,0,0,,0,0,0,45,,0.0
/is-perfumes-com-ph-legit-or-not-reviews-and-complaints/,Is Perfumes com PH Legit or a Scam? Reviews and Complaints 2026,KEEP 410,"no external links, no meaningful search demand",,0,0,,0,0,0,66,,0.0
/is-phoenix-game-legit-or-scam-reviews-complains/,Is Phoenix Game Legit or a Scam? Phoenix Game Reviews 2026,KEEP 410,"no external links, no meaningful search demand",,0,0,,0,0,0,74,,0.0
/is-powerearn-legit-powerearn-surveys-reviews/,Is Powerearn Legit or a Scam? Reviews and Complaints 2026,KEEP 410,"no external links, no meaningful search demand",,0,0,,0,0,0,51,,0.0
/is-prima-credit-loan-legit-reviews-and-complaints/,Is Prima Credit Loan Legit or a Scam? Reviews and Complaints 2026,KEEP 410,"no external links, no meaningful search demand",,0,0,,0,0,0,39,,0.0
/is-primal-queen-legit-or-scam/,Is Primal Queen Legit or a Scam? Reviews and Complaints,KEEP 410,"no external links, no meaningful search demand",,0,0,,0,0,0,68,,0.0
/is-primal-queen-legit/,Is Primal Queen Legit? Women's Supplement Brand Honestly Reviewed,KEEP 410,"no external links, no meaningful search demand",,0,0,,0,0,0,27,,0.0
/is-prime-biome-legit-or-scam/,Is Prime Biome Legit or a Scam? Reviews and Complaints,KEEP 410,"no external links, no meaningful search demand",,0,0,,0,0,0,28,,0.0
/is-print-your-places-legit-or-scam-reviews-complains-2024/,,KEEP 410,"no external links, no meaningful search demand",,0,0,,0,0,0,2,,0.0
/is-print-your-places-legit-or-scam-reviews-complains-2026-2/,is print your places legit or scam? Reviews & complains 2026,KEEP 410,"no external links, no meaningful search demand",,0,0,,0,0,0,35,,0.0
/is-print-your-places-legit-or-scam-reviews-complains-2026/,is print your places legit or scam? Reviews & complains 2026,KEEP 410,"no external links, no meaningful search demand",,0,0,,0,0,0,36,,0.0
/is-publicrecords-us-legit/,Is PublicRecords.us Legit or a Scam? Full Review 2026,KEEP 410,"no external links, no meaningful search demand",,0,0,,0,0,0,29,,0.0
/is-rainbet-legit/,Is Rainbet Legit? Rainbet Casino Review 2026,KEEP 410,"no external links, no meaningful search demand",,0,0,,0,0,0,30,,0.0
/is-red-light-therapy-legit/,Is Red Light Therapy Legit? What the Science Actually Says 2026,KEEP 410,"no external links, no meaningful search demand",,0,0,,0,0,0,32,,0.0
/is-redbubble-legit/,Is Redbubble Legit? Redbubble Review 2026,KEEP 410,"no external links, no meaningful search demand",,0,0,,0,0,0,61,,0.0
/is-rehlat-legit-or-scam-reviews-complains-2024/,,KEEP 410,"no external links, no meaningful search demand",,0,0,,0,0,0,21,,0.0
/is-rehlat-legit-or-scam-reviews-complains-2026/,Is Rehlat Legit or a Scam for Booking? 2026 Review,KEEP 410,"no external links, no meaningful search demand",,0,0,,0,0,0,62,,0.0
/is-rejuvacare-a-scam/,Is Rejuvacare a Scam? Reviews and Complaints,KEEP 410,"no external links, no meaningful search demand",,0,0,,0,0,0,22,,0.0
/is-relaxium-sleep-a-scam/,Is Relaxium Sleep a Scam? Reviews and Complaints,KEEP 410,"no external links, no meaningful search demand",,0,0,,0,0,0,27,,0.0
/is-rescue-org-legit-international-rescue-committee/,Is IRC (International Rescue Committee) Legit? Is Rescue.org Legitimate? 2026,KEEP 410,"no external links, no meaningful search demand",,0,0,,0,0,0,60,,0.0
/is-rips-by-triumph-legit/,Is Rips by Triumph Legit? Rips by Triumph Review 2026,KEEP 410,"no external links, no meaningful search demand",,0,0,,0,0,0,100,,0.0
/is-root-insurance-legit/,Is Root Insurance Legit? The App-Based Car Insurance Reviewed,KEEP 410,"no external links, no meaningful search demand",,0,0,,0,0,0,49,,0.0
/is-rosmar-app-legit-or-scam-reviews-and-complaints/,Is Rosmar App Legit or a Scam? Reviews and Complaints 2026,KEEP 410,"no external links, no meaningful search demand",,0,0,,0,0,0,51,,0.0
/is-rue-la-la-legit-or-a-scam-reviews-complains/,Is Rue La La Legit or a Scam? Reviews and Complaints 2026,KEEP 410,"no external links, no meaningful search demand",,0,0,,0,0,0,52,,0.0
/is-rugiet-legit-or-scam/,Is Rugiet Legit or a Scam? Reviews and Complaints,KEEP 410,"no external links, no meaningful search demand",,0,0,,0,0,0,31,,0.0
/is-rxinform-org-legit-or-scam-reviews-complaints-2/,is RxInform org Legit or Scam Reviews Complaints,KEEP 410,"no external links, no meaningful search demand",,0,0,,0,0,0,58,,0.0
/is-rxinform-org-legit-or-scam-reviews-complaints/,Is RxInform.org Legit or a Scam? Reviews and Complaints 2026,KEEP 410,"no external links, no meaningful search demand",,0,0,,0,0,0,225,,0.0
/is-safetyreply-com-legit-or-scam-reviews-complains/,Is Safetyreply com Legit or a Scam? Reviews and Complaints 2026,KEEP 410,"no external links, no meaningful search demand",,0,0,,0,0,0,53,,0.0
/is-safewill-legit-or-not-reviews-and-complaints/,is SafeWill Legit or not Reviews and Complaints,KEEP 410,"no external links, no meaningful search demand",,0,0,,0,0,0,54,,0.0
/is-sapahost-legit-or-scam-sapahost-com-reviews/,Is SapaHost Legit or a Scam? SapaHost.com Reviews 2026,KEEP 410,"no external links, no meaningful search demand",,0,0,,0,0,0,25,,0.0
/is-scholarship-owl-legit-2/,Is Scholarship Owl Legit? ScholarshipOwl Review 2026,KEEP 410,"no external links, no meaningful search demand",,0,0,,0,0,0,27,,0.0
/is-scholarship-owl-legit/,Is Scholarship Owl Legit? Reviews and Complaints,KEEP 410,"no external links, no meaningful search demand",,0,0,,0,0,0,33,,0.0
/is-schylling-legit-or-scam/,Is Schylling Legit or a Scam? Reviews and Complaints,KEEP 410,"no external links, no meaningful search demand",,0,0,,0,0,0,56,,0.0
/is-scrambly-legit-or-scam/,Is Scrambly Legit or a Scam? Reviews and Complaints,KEEP 410,"no external links, no meaningful search demand",,0,0,,0,0,0,36,,0.0
/is-seatgeek-legit-2/,Is SeatGeek Legit? SeatGeek Ticket Review 2026,KEEP 410,"no external links, no meaningful search demand",,0,0,,0,0,0,51,,0.0
/is-seatgeek-legit-or-scam/,Is SeatGeek Legit or a Scam? Reviews and Complaints,KEEP 410,"no external links, no meaningful search demand",,0,0,,0,0,0,30,,0.0
/is-seatgeek-legit/,Is SeatGeek Legit? The Ticket App With a Deal Score System Reviewed,KEEP 410,"no external links, no meaningful search demand",,0,0,,0,0,0,40,,0.0
/is-seekingsugars-com-legit-or-scam-reviews/,Is Seekingsugars com Legit or a Scam? Reviews and Complaints 2026,KEEP 410,"no external links, no meaningful search demand",,0,0,,0,0,0,36,,0.0
/is-shein-legit/,Is Shein Legit? The Full Honest Review of the Ultra-Fast Fashion Giant,301 TO EQUIVALENT LIVE PAGE,same entity as /shein-explained/,/shein-explained/,0,0,,0,0,0,44,,0.0
/is-shipments-free-a-scam/,Is Shipments Free a Scam? Reviews and Complaints,KEEP 410,"no external links, no meaningful search demand",,0,0,,0,0,0,35,,0.0
/is-shop-app-legit-or-scam/,Is Shop App Legit or a Scam? Reviews and Complaints,KEEP 410,"no external links, no meaningful search demand",,0,0,,0,0,0,48,,0.0
/is-slimjaro-a-scam/,Is Slimjaro a Scam? Reviews and Complaints,KEEP 410,"no external links, no meaningful search demand",,0,0,,0,0,0,31,,0.0
/is-slips-com-legit-or-scam-reviews-and-complaints/,Is Slips com Legit or a Scam? Reviews and Complaints 2026,KEEP 410,"no external links, no meaningful search demand",,0,0,,0,0,0,41,,0.0
/is-smileactives-a-scam/,Is SmileActives a Scam? Reviews and Complaints,KEEP 410,"no external links, no meaningful search demand",,0,0,,0,0,0,30,,0.0
/is-smooche-foundation-legit-reviews-complaints-where-to-buy/,is smooche foundation legit? Reviews & complaints. Where to buy,KEEP 410,"no external links, no meaningful search demand",,0,0,,0,0,0,52,,0.0
/is-sniffles-legit-or-scam-reviews-and-complaints-2/,Is Sniffles Legit or a Scam? Reviews and Complaints 2026,KEEP 410,"no external links, no meaningful search demand",,0,0,,0,0,0,32,,0.0
/is-sniffles-legit-or-scam-reviews-and-complaints/,Is Sniffles Legit or a Scam? Sniffles App Review 2026,KEEP 410,"no external links, no meaningful search demand",,0,0,,0,0,0,95,,0.0
/is-solitaire-cash-legit-or-scam/,Is Solitaire Cash Legit or a Scam? Reviews and Complaints,KEEP 410,"no external links, no meaningful search demand",,0,0,,0,0,0,28,,0.0
/is-stacees-legit-or-scam/,Is Stacees Legit or a Scam? Reviews and Complaints,KEEP 410,"no external links, no meaningful search demand",,0,0,,0,0,0,46,,0.0
/is-stacees-legit/,Is Stacees Legit? Honest Review of This Dress and Formalwear Website,KEEP 410,"no external links, no meaningful search demand",,0,0,,0,0,0,40,,0.0
/is-stickr-legit-or-scam-stickr-com-reviews-2023/,Is Stickr Legit or a Scam? Stickr.com Reviews 2026,KEEP 410,"no external links, no meaningful search demand",,0,0,,0,0,0,50,,0.0
/is-stockx-legit/,Is StockX Legit? Everything You Need to Know Before Buying or Selling,301 TO EQUIVALENT LIVE PAGE,same entity as /stockx-explained/,/stockx-explained/,0,0,,0,0,0,43,,0.0
/is-stubhub-legit-or-scam/,Is StubHub Legit or a Scam? Reviews and Complaints,301 TO EQUIVALENT LIVE PAGE,same entity as /stubhub-and-viagogo-explained/,/stubhub-and-viagogo-explained/,0,0,,0,0,0,33,,0.0
/is-stubhub-legit/,Is StubHub Legit? What Ticket Buyers Need to Know in 2026,301 TO EQUIVALENT LIVE PAGE,same entity as /stubhub-and-viagogo-explained/,/stubhub-and-viagogo-explained/,0,0,,0,0,0,51,,0.0
/is-student-life-network-legit-or-scam-reviews-2023/,Is Student Life Network Legit or a Scam? Reviews 2026,KEEP 410,"no external links, no meaningful search demand",,0,0,,0,0,0,45,,0.0
/is-stuvia-legit-or-scam-stuvia-reviews-and-complaints/,is Stuvia Legit or Scam Stuvia Reviews and Complaints,KEEP 410,"no external links, no meaningful search demand",,0,0,,0,0,0,46,,0.0
/is-sugar-harmony-a-scam/,Is Sugar Harmony a Scam? Reviews and Complaints,KEEP 410,"no external links, no meaningful search demand",,0,0,,0,0,0,28,,0.0
/is-super-com-legit-super-travel-reviews/,Is Super.com Legit? Honest Super Travel Review 2026,KEEP 410,"no external links, no meaningful search demand",,0,0,,0,0,0,307,,0.0
/is-svp-sports-legit-svpsports-ca-reviews/,Is SVP Sports Legit? SVPSports.ca Reviews 2026,KEEP 410,"no external links, no meaningful search demand",,0,0,,0,0,0,79,,0.0
/is-sweatcoin-legit/,Is Sweatcoin Legit? What You Really Earn Walking with This App,KEEP 410,"no external links, no meaningful search demand",,0,0,,0,0,0,42,,0.0
/is-symple-lending-legit-or-scam/,Is Symple Lending Legit or a Scam? Reviews and Complaints,KEEP 410,"no external links, no meaningful search demand",,0,0,,0,0,0,54,,0.0
/is-tai-chi-walking-legit/,Is Tai Chi Walking Legit? Reviews and Health Claims,KEEP 410,"no external links, no meaningful search demand",,0,0,,0,0,0,31,,0.0
/is-tapswap-mining-legit-or-not-2024-analysis/,,KEEP 410,"no external links, no meaningful search demand",,0,0,,0,0,0,32,,0.0
/is-tapswap-mining-legit-or-not-2026-analysis/,Is Tapswap Mining Legit or Not? 2026 Analysis,KEEP 410,"no external links, no meaningful search demand",,0,0,,0,0,0,126,,0.0
/is-tax1099-com-legit-or-scam-reviews-pricing-2024/,,KEEP 410,"no external links, no meaningful search demand",,0,0,,0,0,0,5,,0.0
/is-tax1099-com-legit-or-scam-reviews-pricing-2026/,Is Tax1099.com Legit or a Scam? Reviews and Pricing 2026,KEEP 410,"no external links, no meaningful search demand",,0,0,,0,0,0,65,,0.0
/is-taxslayer-legit-or-scam/,Is TaxSlayer Legit or a Scam? Reviews,KEEP 410,"no external links, no meaningful search demand",,0,0,,0,0,0,32,,0.0
/is-tbdress-legit-or-scam-tbdress-com-reviews/,Is TBDress Legit or a Scam? TBDress.com Reviews 2026,KEEP 410,"no external links, no meaningful search demand",,0,0,,0,0,0,54,,0.0
/is-teepublic-legit-or-scam/,Is Teepublic Legit or a Scam? Reviews and Complaints,KEEP 410,"no external links, no meaningful search demand",,0,0,,0,0,0,41,,0.0
/is-teepublic-legit-reviews-complaints-2026/,Is TeePublic Legit or a Scam? TeePublic Reviews and Complaints 2026,KEEP 410,"no external links, no meaningful search demand",,0,0,,0,0,0,38,,0.0
/is-temu-legit-or-scam-2026/,Is Temu Legit or a Scam? Reviews and Complaints 2026,301 TO EQUIVALENT LIVE PAGE,same entity as /temu-explained/,/temu-explained/,0,0,,0,0,0,43,,0.0
/is-temu-legit-or-scam/,Is Temu Legit or a Scam? Reviews and Complaints 2026,301 TO EQUIVALENT LIVE PAGE,same entity as /temu-explained/,/temu-explained/,0,0,,0,0,0,37,,0.0
/is-temu-legit/,Is Temu Legit or a Scam? The Full Honest Review,301 TO EQUIVALENT LIVE PAGE,same entity as /temu-explained/,/temu-explained/,0,0,,0,0,0,42,,0.0
/is-testerup-legit-2/,Is Testerup Legit? Testerup Review 2026,KEEP 410,"no external links, no meaningful search demand",,0,0,,0,0,0,110,,0.0
/is-testerup-legit/,Is Testerup Legit? The App Testing and Rewards Platform Reviewed,KEEP 410,"no external links, no meaningful search demand",,0,0,,0,0,0,39,,0.0
/is-thredup-legit/,Is ThredUp Legit? Secondhand Fashion Platform Reviewed,KEEP 410,"no external links, no meaningful search demand",,0,0,,0,0,0,38,,0.0
/is-tickpick-legit-2/,Is TickPick Legit? TickPick Ticket Review 2026,KEEP 410,"no external links, no meaningful search demand",,0,0,,0,0,0,36,,0.0
/is-tickpick-legit/,Is TickPick Legit? No-Fee Ticket Site Reviewed Honestly,KEEP 410,"no external links, no meaningful search demand",,0,0,,0,0,0,36,,0.0
/is-tixel-legit-tixel-reviews/,Is Tixel Legit? Tixel Ticket Reviews 2026,KEEP 410,"no external links, no meaningful search demand",,0,0,,0,0,0,40,,0.0
/is-together-loans-legit/,Is Together Loans Legit? Together Loans Review 2026,KEEP 410,"no external links, no meaningful search demand",,0,0,,0,0,0,66,,0.0
/is-tomoson-legit-or-scam/,Is Tomoson Legit or a Scam? Reviews and Complaints,KEEP 410,"no external links, no meaningful search demand",,0,0,,0,0,0,64,,0.0
/is-tomoson-legit-reviews-complaints-2026/,Is Tomoson Legit or a Scam? Tomoson Reviews and Complaints 2026,KEEP 410,"no external links, no meaningful search demand",,0,0,,0,0,0,47,,0.0
/is-totalav-legit-or-scam/,Is TotalAV Legit or a Scam? Reviews and Complaints 2026,KEEP 410,"no external links, no meaningful search demand",,0,0,,0,0,0,25,,0.0
/is-tradecryptoarena-legit-or-scam-reviews-and-complaints/,Is TradeCryptoArena Legit or a Scam? Reviews 2026,KEEP 410,"no external links, no meaningful search demand",,0,0,,0,0,0,123,,0.0
/is-trimrx-legit-or-scam/,Is TrimRx Legit or a Scam? Reviews and Complaints,KEEP 410,"no external links, no meaningful search demand",,0,0,,0,0,0,29,,0.0
/is-trimrx-legit/,Is TrimRx Legit? GLP-1 Weight Loss Telehealth Platform Reviewed,KEEP 410,"no external links, no meaningful search demand",,0,0,,0,0,0,30,,0.0
/is-trip-com-legit-or-scam/,Is Trip.com Legit or a Scam? Reviews and Complaints,301 TO EQUIVALENT LIVE PAGE,same entity as /trip-com-explained/,/trip-com-explained/,0,0,,0,0,0,43,,0.0
/is-trivago-deals-legit-or-scam/,Is Trivago Deals Legit or a Scam? Reviews and Complaints,KEEP 410,"no external links, no meaningful search demand",,0,0,,0,0,0,47,,0.0
/is-truthfinder-legit-or-scam/,Is TruthFinder Legit or a Scam? Reviews and Complaints,KEEP 410,"no external links, no meaningful search demand",,0,0,,0,0,0,29,,0.0
/is-truthfinder-legit/,Is TruthFinder Legit? TruthFinder Review 2026,KEEP 410,"no external links, no meaningful search demand",,0,0,,0,0,0,32,,0.0
/is-turbotax-a-scam/,Is TurboTax a Scam? The Truth About TurboTax in 2026,KEEP 410,"no external links, no meaningful search demand",,0,0,,0,0,0,41,,0.0
/is-unicaf-scholarship-legit-or-scam-reviews/,Is Unicaf Scholarship Legit or a Scam? Reviews and Complaints 2026,KEEP 410,"no external links, no meaningful search demand",,0,0,,0,0,0,96,,0.0
/is-updoc-legit-legal-safe-reviews-australia/,Is UpDoc Legit? UpDoc Legal Reviews Australia 2026,KEEP 410,"no external links, no meaningful search demand",,0,0,,0,0,0,64,,0.0
/is-urospot-legit-urospot-reviews/,Is urospot legit? urospot reviews,KEEP 410,"no external links, no meaningful search demand",,0,0,,0,0,0,48,,0.0
/is-use-ai-legit-or-scam/,Is Use.ai Legit or a Scam? Reviews and Complaints,KEEP 410,"no external links, no meaningful search demand",,0,0,,0,0,0,28,,0.0
/is-viagogo-legit-or-scam/,Is Viagogo Legit or a Scam? Reviews and Complaints,301 TO EQUIVALENT LIVE PAGE,same entity as /stubhub-and-viagogo-explained/,/stubhub-and-viagogo-explained/,0,0,,0,0,0,38,,0.0
/is-viagogo-legit/,Is Viagogo Legit? Viagogo Ticket Review 2026,301 TO EQUIVALENT LIVE PAGE,same entity as /stubhub-and-viagogo-explained/,/stubhub-and-viagogo-explained/,0,0,,0,0,0,42,,0.0
/is-vistalog-legit-scam-reviews-complaints/,Is Vistalog Legit or a Scam? Vistalog Reviews and Complaints 2026,KEEP 410,"no external links, no meaningful search demand",,0,0,,0,0,0,69,,0.0
/is-vivid-seats-legit/,Is Vivid Seats Legit? Ticket Resale Site Reviewed Before You Buy,KEEP 410,"no external links, no meaningful search demand",,0,0,,0,0,0,37,,0.0
/is-wanderumal-legit-wanderumal-com-reviews/,Is Wanderumal Legit? Wanderumal.com Reviews 2026,KEEP 410,"no external links, no meaningful search demand",,0,0,,0,0,0,35,,0.0
/is-wayfair-legit-or-scam/,Is Wayfair Legit or a Scam? Reviews and Complaints 2026,301 TO EQUIVALENT LIVE PAGE,same entity as /wayfair-explained/,/wayfair-explained/,0,0,,0,0,0,46,,0.0
/is-welocalize-legit-or-scam-reviews-and-complaints-2/,Is Welocalize Legit or a Scam? Reviews and Complaints 2026,301 TO EQUIVALENT LIVE PAGE,same entity as /welocalize-explained/,/welocalize-explained/,0,0,,0,0,0,72,,0.0
/is-welocalize-legit-or-scam-reviews-and-complaints/,Is Welocalize Legit? Full Review for Freelancers 2026,301 TO EQUIVALENT LIVE PAGE,same entity as /welocalize-explained/,/welocalize-explained/,0,0,,0,0,0,120,,0.0
/is-whatnot-legit/,Is Whatnot Legit? Live Shopping and Collectibles App Reviewed,301 TO EQUIVALENT LIVE PAGE,same entity as /whatnot-explained/,/whatnot-explained/,0,0,,0,0,0,39,,0.0
/is-winnita-casino-scam/,Is Winnita Casino a Scam? Honest Review Before You Deposit,KEEP 410,"no external links, no meaningful search demand",,0,0,,0,0,0,43,,0.0
/is-wishtender-legit-or-scam-reviews-complains-2024/,,KEEP 410,"no external links, no meaningful search demand",,0,0,,0,0,0,9,,0.0
/is-wishtender-legit-or-scam-reviews-complains-2026/,Is wishtender legit or scam? Reviews & complains 2026,KEEP 410,"no external links, no meaningful search demand",,0,0,,0,0,0,43,,0.0
/is-wordsrated-legit-or-scam-reviews/,Is Wordsrated Legit or a Scam? Reviews and Complaints 2026,KEEP 410,"no external links, no meaningful search demand",,0,0,,0,0,0,53,,0.0
/is-zalora-legit-or-not-zalora-review-and-complains/,Is Zalora Legit or a Scam? Reviews and Complaints 2026,KEEP 410,"no external links, no meaningful search demand",,0,0,,0,0,0,47,,0.0
/is-zebit-legit-or-scam-zebit-com-reviews-pros-and-cons/,is zebit legit or scam? Zebit.com reviews. Pros and cons,KEEP 410,"no external links, no meaningful search demand",,0,0,,0,0,0,37,,0.0
/is-zenfy-legit-or-scam/,Is Zenfy Legit or a Scam? Reviews and Complaints,KEEP 410,"no external links, no meaningful search demand",,0,0,,0,0,0,24,,0.0
/is-zuzz-tv-legit-or-scam-reviews-and-complaints/,Is Zuzz TV Legit or a Scam? Reviews and Complaints 2026,KEEP 410,"no external links, no meaningful search demand",,0,0,,0,0,0,82,,0.0
/isecretshop-review-is-isecretshop-legit-or-scam/,iSecretShop Review 2026: Is iSecretShop Legit or a Scam?,KEEP 410,"no external links, no meaningful search demand",,0,0,,0,0,0,56,,0.0
/jaiye-kuti-biography/,"Jaiye Kuti Biography: Age, Career, Family and Net Worth",KEEP 410,"no external links, no meaningful search demand",,0,0,,0,0,0,67,,0.0
/jelly-burn-reviews-complaints/,Jelly Burn Reviews and Complaints: Is It Legit?,KEEP 410,"no external links, no meaningful search demand",,0,0,,0,0,0,37,,0.0
/jelly-burn-reviews-jelly-lean-gummies-2026/,Jelly Burn Reviews 2026: Is Jelly Burn Legit or a Scam? Jelly Lean Gummies Complaints,KEEP 410,"no external links, no meaningful search demand",,0,0,,0,0,0,45,,0.0
/jet-hose-scam-or-legit/,Jet Hose Scam or Legit? Reviews and Complaints,KEEP 410,"no external links, no meaningful search demand",,0,0,,0,0,0,26,,0.0
/jo-malone-wood-sage-and-sea-salt-review/,jo malone wood sage and sea salt review,KEEP 410,"no external links, no meaningful search demand",,0,0,,0,0,0,97,,0.0
/jobs2careers-legit-or-scam/,Jobs2Careers Legit or Scam? Reviews and Complaints,KEEP 410,"no external links, no meaningful search demand",,0,0,,0,0,0,44,,0.0
/jobzmall-legit-or-not-2024-complaints-by-users/,,KEEP 410,"no external links, no meaningful search demand",,0,0,,0,0,0,25,,0.0
/jobzmall-legit-or-not-2026-complaints-by-users/,JobZMall Review 2026: Legit or Not? Complaints by Users,KEEP 410,"no external links, no meaningful search demand",,0,0,,0,0,0,69,,0.0
/johnstone-makhubu-biography/,Johnstone Makhubu Biography: Who Is He and Why Is He Trending?,KEEP 410,"no external links, no meaningful search demand",,0,0,,0,0,0,26,,0.0
/kaitlin-armstrong-before-and-after/,Kaitlin Armstrong Before and After Plastic Surgery,KEEP 410,"no external links, no meaningful search demand",,0,0,,0,0,0,38,,0.0
/katrice-kierulf-biography/,"Katrice Kierulf Biography: Career, Age and Net Worth",KEEP 410,"no external links, no meaningful search demand",,0,0,,0,0,0,29,,0.0
/kitty-kelley-biography/,Kitty Kelley Biography: The Unauthorised Biography Queen Explained,KEEP 410,"no external links, no meaningful search demand",,0,0,,0,0,0,33,,0.0
/kkkl-bus-review-complaints-by-users-2024/,,KEEP 410,"no external links, no meaningful search demand",,0,0,,0,0,0,12,,0.0
/kkkl-bus-review-complaints-by-users-2026/,"KKKL Bus Reviews 2026: Complaints, Comfort, and Is It Worth It?",KEEP 410,"no external links, no meaningful search demand",,0,0,,0,0,0,70,,0.0
/kroll-monitoring-scam-or-legit/,Kroll Monitoring Scam or Legit? enroll.krollmonitoring.com Review,KEEP 410,"no external links, no meaningful search demand",,0,0,,0,0,0,16,,0.0
/kroll-settlement-email-scam-or-legit-explained/,Kroll Settlement Email Scam or Legit Explained,KEEP 410,"no external links, no meaningful search demand",,0,0,,0,0,0,50,,0.0
/krud-tattoo-real-or-fake-reviews-negative/,Krud Tattoo Reviews 2026: Real or Fake? What Users Say,KEEP 410,"no external links, no meaningful search demand",,0,0,,0,0,0,88,,0.0
/kucoin-claims-scam-or-legit-reviews-on-kucoin/,KuCoin Review 2026: Is KuCoin Legit or a Scam?,KEEP 410,"no external links, no meaningful search demand",,0,0,,0,0,0,84,,0.0
/kuda-bank-full-company-overview-and-review/,Kuda Bank — Full Company Overview and Review,KEEP 410,"no external links, no meaningful search demand",,0,0,,0,0,0,46,,0.0
/kumail-nanjiani-before-and-after/,Kumail Nanjiani Before and After: Marvel Body Transformation,KEEP 410,"no external links, no meaningful search demand",,0,0,,0,0,0,29,,0.0
/kurso-ph-reviews-is-kurso-ph-legit-or-not/,Kurso PH Reviews Is Kurso PH Legit or not,KEEP 410,"no external links, no meaningful search demand",,0,0,,0,0,0,55,,0.0
/lakeview-data-breach-settlement-legit/,Is the Lakeview Data Breach Settlement Legit? What Claimants Need to Know,KEEP 410,"no external links, no meaningful search demand",,0,0,,0,0,0,37,,0.0
/lam-app-is-real-or-fake-reviews-and-complaints/,lam app is real or fake? Reviews and complaints,KEEP 410,"no external links, no meaningful search demand",,0,0,,0,0,0,52,,0.0
/lamborghini-revuelto-review/,Lamborghini Revuelto Review 2026: The Successor to the Aventador,KEEP 410,"no external links, no meaningful search demand",,0,0,,0,0,0,65,,0.0
/lantos-george-llp/,Is Lantos George LLP Legit? What Is Lantos George LLP?,KEEP 410,"no external links, no meaningful search demand",,0,0,,0,0,0,34,,0.0
/lcif-program-legit-or-scam-reviews-and-complaints/,Is LCIF Program Legit or a Scam? Reviews and Complaints 2026,KEEP 410,"no external links, no meaningful search demand",,0,0,,0,0,0,49,,0.0
/lean-drops-scam-or-legit/,Lean Drops Scam or Legit? Reviews and Complaints,KEEP 410,"no external links, no meaningful search demand",,0,0,,0,0,0,30,,0.0
/legal-edge-bar-review-reviews-2024-analysis/,,KEEP 410,"no external links, no meaningful search demand",,0,0,,0,0,0,30,,0.0
/legal-edge-bar-review-reviews-2026-analysis/,Legal Edge Bar Review Course Review 2026: Is It Worth It?,KEEP 410,"no external links, no meaningful search demand",,0,0,,0,0,0,78,,0.0
/legit-online-casino-philippines/,"Legit Online Casino Philippines 2026: Safe, Licensed Options",KEEP 410,"no external links, no meaningful search demand",,0,0,,0,0,0,32,,0.0
/legit-street-cars-meaning-and-examples/,Legit Street Cars Meaning and Examples,KEEP 410,"no external links, no meaningful search demand",,0,0,,0,0,0,37,,0.0
/lexi-legit-real-name-age-instagram-net-worth/,"Lexi: Biography, Age, Career, Family and More 2026",KEEP 410,"no external links, no meaningful search demand",,0,0,,0,0,0,47,,0.0
/lifepoints-reviews-2024-is-lifepoints-legit-or-scam/,,KEEP 410,"no external links, no meaningful search demand",,0,0,,0,0,0,0,,0.0
/lifepoints-reviews-2026-is-lifepoints-legit-or-scam/,lifepoints Reviews 2026; is lifepoints legit or scam?,KEEP 410,"no external links, no meaningful search demand",,0,0,,0,0,0,35,,0.0
/lik-movie-review/,Lik Movie Review 2026: Is It Worth Watching?,KEEP 410,"no external links, no meaningful search demand",,0,0,,0,0,0,29,,0.0
/living-environment-regents-review-questions-and-answers/,Living Environment Regents: Review Questions and Answers Guide 2026,KEEP 410,"no external links, no meaningful search demand",,0,0,,0,0,0,35,,0.0
/loan-apps-placeholder-overview/,,KEEP 410,"no external links, no meaningful search demand",,0,0,,0,0,0,11,,0.0
/lorne-michaels-biography/,Lorne Michaels Biography: The Man Who Invented Saturday Night Live,KEEP 410,"no external links, no meaningful search demand",,0,0,,0,0,0,49,,0.0
/love-insurance-kompany-reviews/,Love Insurance Kompany Reviews 2026: Is It Worth Watching?,KEEP 410,"no external links, no meaningful search demand",,0,0,,0,0,0,27,,0.0
/luckin-coffee-review-singapore-bad-review/,"Luckin Coffee Review: Reviews, Complaints and Honest Overview 2026",KEEP 410,"no external links, no meaningful search demand",,0,0,,0,0,0,65,,0.0
/lulutox-tea-scam-or-legit/,Lulutox Tea Scam or Legit? Reviews and Complaints,KEEP 410,"no external links, no meaningful search demand",,0,0,,0,0,0,34,,0.0
/luxe-organix-underarm-whitening-review/,Luxe Organix Underarm Whitening Review 2026: Does It Work?,KEEP 410,"no external links, no meaningful search demand",,0,0,,0,0,0,89,,0.0
/luxe-slim-review-benefits-and-side-effects/,"Luxe Slim: Reviews, Complaints, Benefits and Side Effects 2026",KEEP 410,"no external links, no meaningful search demand",,0,0,,0,0,0,41,,0.0
/mabilis-cash-review-loan-app-complaints-by-users-2/,"Mabilis Cash Review: Reviews, Complaints and Honest Overview 2026",KEEP 410,"no external links, no meaningful search demand",,0,0,,0,0,0,37,,0.0
/mai-sasanci-reviews-complaints-and-side-effects/,"Mai Sasanci: Reviews, Complaints, Benefits and Side Effects 2026",KEEP 410,"no external links, no meaningful search demand",,0,0,,0,0,0,59,,0.0
/malcolm-in-the-middle-reboot-review/,Malcolm in the Middle Reboot Review 2026: How Does It Hold Up?,KEEP 410,"no external links, no meaningful search demand",,0,0,,0,0,0,29,,0.0
/maya-credit-reviews-maya-credit-legit-or-not/,Maya Credit Reviews Maya Credit Legit or not,KEEP 410,"no external links, no meaningful search demand",,0,0,,0,0,0,60,,0.0
/medical-shield-cyex-review-scam-or-legit-2/,Medical Shield CYEX Review Scam or Legit,KEEP 410,"no external links, no meaningful search demand",,0,0,,0,0,0,53,,0.0
/medical-shield-cyex-review-scam-or-legit/,Medical Shield Cyex Review 2026: Scam or Legit?,KEEP 410,"no external links, no meaningful search demand",,0,0,,0,0,0,74,,0.0
/medvi-quad-reviews-complaints/,Medvi Quad Reviews and Complaints: Is It Legit?,KEEP 410,"no external links, no meaningful search demand",,0,0,,0,0,0,38,,0.0
/megapersonals-eu-legit-or-scam/,megapersonals.eu Legit or Scam? Reviews and Complaints,KEEP 410,"no external links, no meaningful search demand",,0,0,,0,0,0,53,,0.0
/melolo-earning-app-review-2025-is-it-legit-or-scam-2/,Is Melolo Earning App Legit or a Scam? Reviews and Complaints 2026,KEEP 410,"no external links, no meaningful search demand",,0,0,,0,0,0,36,,0.0
/melolo-earning-app-review-2025-is-it-legit-or-scam/,Melolo Earning App Review 2026: Is It Legit or a Scam?,KEEP 410,"no external links, no meaningful search demand",,0,0,,0,0,0,202,,0.0
/memo-plus-gold-review-benefits-and-side-effects/,"Memo Plus Gold Review 2026: Benefits, Side Effects, and Does It Work?",KEEP 410,"no external links, no meaningful search demand",,0,0,,0,0,0,71,,0.0
/mercury-opinion-legit-or-scam-reviews-complains/,Is Mercury Opinion Legit or a Scam? Mercury Opinion Reviews and Complaints 2026,KEEP 410,"no external links, no meaningful search demand",,0,0,,0,0,0,199,,0.0
/merwave-reviews-worth-the-hype/,Merwave Reviews 2026: Is It Worth the Hype?,KEEP 410,"no external links, no meaningful search demand",,0,0,,0,0,0,68,,0.0
/mie-skincare-reviews-checkout-mie-skincare-negative-reviews/,Mie skincare reviews: checkout mie skincare negative reviews,KEEP 410,"no external links, no meaningful search demand",,0,0,,0,0,0,47,,0.0
/miko-air-purifier-reviews/,Miko Air Purifier Reviews 2026: Is It Worth Buying?,KEEP 410,"no external links, no meaningful search demand",,0,0,,0,0,0,36,,0.0
/milanlux-scam-is-milanlux-com-legit-reviews/,Is Milanlux Legit or a Scam? Reviews and Complaints 2026,KEEP 410,"no external links, no meaningful search demand",,0,0,,0,0,0,45,,0.0
/minenaira-minenaira-ga-review-real-or-scam/,Minenaira (minenaira.ga) review. Real or scam?,KEEP 410,"no external links, no meaningful search demand",,0,0,,0,0,0,76,,0.0
/minhas-furniture-reviews-is-it-legit-or-scam/,Is Minhas Furniture Legit or a Scam? Reviews and Complaints 2026,KEEP 410,"no external links, no meaningful search demand",,0,0,,0,0,0,42,,0.0
/miracle-sheets-scam-or-legit/,Miracle Sheets Scam or Legit? Reviews and Complaints,KEEP 410,"no external links, no meaningful search demand",,0,0,,0,0,0,29,,0.0
/miracle-white-review-side-effects-and-complains/,"Miracle White: Reviews, Complaints, Benefits and Side Effects 2026",KEEP 410,"no external links, no meaningful search demand",,0,0,,0,0,0,51,,0.0
/moneycat-review-loan-app-complaints-in-philippine/,"Moneycat Review: Reviews, Complaints and Honest Overview 2026",KEEP 410,"no external links, no meaningful search demand",,0,0,,0,0,0,81,,0.0
/mongze-mattress-review-and-complaints-in-singapore/,Mongze Mattress Review Singapore 2026: Complaints and Honest Assessment,KEEP 410,"no external links, no meaningful search demand",,0,0,,0,0,0,46,,0.0
/moonbrew-reviews-complaints-2026/,Moonbrew Reviews and Complaints 2026: Is Moonbrew Legit or a Scam?,KEEP 410,"no external links, no meaningful search demand",,0,0,,0,0,0,34,,0.0
/morpheus8-bad-reviews-side-effect-pros-and-cons/,Morpheus8 Bad Reviews Side Effect Pros and Cons,KEEP 410,"no external links, no meaningful search demand",,0,0,,0,0,0,64,,0.0
/motoassure-admin-reviews-complaints/,MotoAssure Admin Reviews and Complaints: Is It Legit?,KEEP 410,"no external links, no meaningful search demand",,0,0,,0,0,0,43,,0.0
/motorola-razr-fold-durability-test-review/,Motorola Razr Fold Durability Test Review,KEEP 410,"no external links, no meaningful search demand",,0,0,,0,0,0,52,,0.0
/mtn-nigeria-company-profile-services-and-revenue/,"MTN Nigeria — Company Profile, Services and Revenue",KEEP 410,"no external links, no meaningful search demand",,0,0,,0,0,0,187,,0.0
/muddy-mat-scam-or-legit/,MuddyMat Scam or Legit? Reviews and Complaints,KEEP 410,"no external links, no meaningful search demand",,0,0,,0,0,0,20,,0.0
/myiq-com-scam-or-legit/,MyIQ.com Scam or Legit? Reviews and Complaints,KEEP 410,"no external links, no meaningful search demand",,0,0,,0,0,0,28,,0.0
/mypoints-com-real-or-fake/,MyPoints.com Real or Fake? Is It Legit? Reviews,KEEP 410,"no external links, no meaningful search demand",,0,0,,0,0,0,43,,0.0
/myra-ultimate-review-how-does-it-work/,Myra Ultimate Review: How Does It Work? 2026,KEEP 410,"no external links, no meaningful search demand",,0,0,,0,0,0,29,,0.0
/natwest-rewards-account-platinum-account/,NatWest Rewards Platinum Account Review 2026: Is It Worth It?,KEEP 410,"no external links, no meaningful search demand",,0,0,,0,0,0,67,,0.0
/nccash-com-legit-nccash-com-reviews/,NCCash.com Review 2026: Is NCCash Legit or a Scam?,KEEP 410,"no external links, no meaningful search demand",,0,0,,0,0,0,58,,0.0
/ncdmv-text-scam/,NCDMV Text Scam: Is It Real? Reviews and Complaints,KEEP 410,"no external links, no meaningful search demand",,0,0,,0,0,0,28,,0.0
/nekothione-review-side-effects-and-benefit/,"Nekothione Review 2026: Side Effects, Benefits, and Is It Safe?",KEEP 410,"no external links, no meaningful search demand",,0,0,,0,0,0,76,,0.0
/neoreach-scam-reviews-and-complaints-by-users-2024/,NeoReach Scam Reviews and Complaints by Users 2024,KEEP 410,"no external links, no meaningful search demand",,0,0,,0,0,0,43,,0.0
/neurodyne-scam-or-legit/,Neurodyne Scam or Legit? Reviews and Complaints,KEEP 410,"no external links, no meaningful search demand",,0,0,,0,0,0,40,,0.0
/new-sky-box-nz-review-and-cost/,New Sky Box NZ Review 2026: Cost and What You Need to Know,KEEP 410,"no external links, no meaningful search demand",,0,0,,0,0,0,58,,0.0
/nigeria-placeholder-overview/,,KEEP 410,"no external links, no meaningful search demand",,0,0,,0,0,0,9,,0.0
/nine9-talent-review-2026-is-it-legit/,Nine9 Talent Review 2026: Is It a Scam or Legit Modelling Agency?,KEEP 410,"no external links, no meaningful search demand",,0,0,,0,0,0,242,,0.0
/nine9-talent-scam-the-real-truth-about-nine9/,Nine9 Talent Review 2026: Is It a Scam or Legit Modelling Agency?,KEEP 410,"no external links, no meaningful search demand",,0,0,,0,0,0,427,,0.0
/nuora-reviews-complaints-2026/,Nuora Reviews and Complaints 2026: Is Nuora Legit or a Scam?,KEEP 410,"no external links, no meaningful search demand",,0,0,,0,0,0,41,,0.0
/nuzzle-pillow-scam-reviews/,Nuzzle Pillow Scam: Reviews and Complaints,KEEP 410,"no external links, no meaningful search demand",,0,0,,0,0,0,26,,0.0
/nz-seniors-funeral-insurance-reviews-best-cheap-nz/,NZ Seniors Funeral Insurance Reviews 2026: Best Cheap Options,KEEP 410,"no external links, no meaningful search demand",,0,0,,0,0,0,38,,0.0
/obvi-burn-reviews/,Obvi Burn Reviews 2026: Does It Actually Work for Weight Loss?,KEEP 410,"no external links, no meaningful search demand",,0,0,,0,0,0,35,,0.0
/odira-nwobu-biography/,"Odira Nwobu Biography: Age, Career, Family and Why She Is Trending",KEEP 410,"no external links, no meaningful search demand",,0,0,,0,0,0,44,,0.0
/olylife-tera-p90-review-and-complaints-by-singapore/,"Olylife Tera P90 Review: Reviews, Complaints and Honest Overview 2026",KEEP 410,"no external links, no meaningful search demand",,0,0,,0,0,0,85,,0.0
/om-shastri-aghori-is-real-or-fake-reviews-negative/,Is Om Shastri Aghori is Real or Fake Legit or a Scam? Reviews and Complaints 2026,KEEP 410,"no external links, no meaningful search demand",,0,0,,0,0,0,47,,0.0
/omeche-oko-biography-2/,"Omeche Oko Biography: Age, Career, Family and Why She Is Trending in Nigeria",KEEP 410,"no external links, no meaningful search demand",,0,0,,0,0,0,46,,0.0
/omeche-oko-biography/,"Omeche Oko Biography: Career, Age and Facts",KEEP 410,"no external links, no meaningful search demand",,0,0,,0,0,0,36,,0.0
/omega-xl-scam-or-legit/,Omega XL Scam or Legit? Reviews and Complaints,KEEP 410,"no external links, no meaningful search demand",,0,0,,0,0,0,35,,0.0
/omplish-online-scam-or-legit-reviews/,Is Omplish Online a Scam? omplish.online Reviews and Complaints 2026,KEEP 410,"no external links, no meaningful search demand",,0,0,,0,0,0,56,,0.0
/opixtech-scam-reviews-and-complaints-2024/,,KEEP 410,"no external links, no meaningful search demand",,0,0,,0,0,0,20,,0.0
/opixtech-scam-reviews-and-complaints-2026/,Opixtech Scam Reviews and Complaints 2026: What You Need to Know,KEEP 410,"no external links, no meaningful search demand",,0,0,,0,0,0,87,,0.0
/optiwatt-scam-or-legit/,OptiWatt Scam or Legit? Reviews and Complaints,KEEP 410,"no external links, no meaningful search demand",,0,0,,0,0,0,37,,0.0
/outcome-apple-tv-review/,Outcome on Apple TV+ Review 2026: Is It Worth Watching?,KEEP 410,"no external links, no meaningful search demand",,0,0,,0,0,0,35,,0.0
/ownwell-scam-or-legit/,OwnWell Scam or Legit? Reviews and Complaints,KEEP 410,"no external links, no meaningful search demand",,0,0,,0,0,0,33,,0.0
/oxyshred-reviews-complaints-and-side-effects/,"Oxyshred: Reviews, Complaints, Benefits and Side Effects 2026",KEEP 410,"no external links, no meaningful search demand",,0,0,,0,0,0,40,,0.0
/oz-lotteries-vs-the-lott-the-bad-and-the-good/,"Oz Lotteries vs The Lott 2026: The Good, The Bad, and The Differences",KEEP 410,"no external links, no meaningful search demand",,0,0,,0,0,0,77,,0.0
/ozempic-new-side-effects-2026/,Ozempic New Side Effects: What the Research Shows in 2026,KEEP 410,"no external links, no meaningful search demand",,0,0,,0,0,0,57,,0.0
/palmpay-review-what-you-should-know-before-using-it/,PalmPay Review — What You Should Know Before Using It,KEEP 410,"no external links, no meaningful search demand",,0,0,,0,0,0,56,,0.0
/particlemen-scam-or-legit/,Particlemen Scam or Legit? Reviews and Complaints,KEEP 410,"no external links, no meaningful search demand",,0,0,,0,0,0,27,,0.0
/passion-max-review-safe-or-not-side-effects/,Passion Max Review 2026: Is It Safe? Side Effects and Benefits,KEEP 410,"no external links, no meaningful search demand",,0,0,,0,0,0,58,,0.0
/peggy-rain-reviews-and-complaints-by-users-2024-in/,,KEEP 410,"no external links, no meaningful search demand",,0,0,,0,0,0,21,,0.0
/peggy-rain-reviews-and-complaints-by-users-2026-in/,Peggy Rain Reviews and Complaints 2026: What Users Say,KEEP 410,"no external links, no meaningful search demand",,0,0,,0,0,0,78,,0.0
/peneloper-shop-reviews-is-peneloper-scam-or-legit/,Peneloper Shop Reviews 2026: Is Peneloper a Scam or Legit?,KEEP 410,"no external links, no meaningful search demand",,0,0,,0,0,0,118,,0.0
/petoskey-news-review-unveiling-the-truth-2024/,,KEEP 410,"no external links, no meaningful search demand",,0,0,,0,0,0,15,,0.0
/petoskey-news-review-unveiling-the-truth-2026/,Petoskey News Review 2026: Is the Petoskey News-Review Legit?,KEEP 410,"no external links, no meaningful search demand",,0,0,,0,0,0,48,,0.0
/pgph88-legit-or-scam/,pgph88 Legit or Scam? Reviews and Complaints,KEEP 410,"no external links, no meaningful search demand",,0,0,,0,0,0,25,,0.0
/pickleball-scam-unveiling-the-truth-and-giving-reviews/,pickleball scam: unveiling the truth and giving reviews,KEEP 410,"no external links, no meaningful search demand",,0,0,,0,0,0,59,,0.0
/piggyvest-review-is-it-safe-to-save-money-here/,Piggyvest Review — Is It Safe to Save Money Here?,KEEP 410,"no external links, no meaningful search demand",,0,0,,0,0,0,38,,0.0
/pilik-mata-ng-kambing-reviews-side-effects/,Pilik Mata Ng Kambing Reviews Side Effects,KEEP 410,"no external links, no meaningful search demand",,0,0,,0,0,0,61,,0.0
/plexaderm-scam-or-legit/,Plexaderm Scam or Legit? Reviews and Complaints,KEEP 410,"no external links, no meaningful search demand",,0,0,,0,0,0,30,,0.0
/pnp-patrol-plan-2030-an-honest-review/,"Pnp Patrol Plan 2030 an Honest Review: Reviews, Complaints and Honest Overview 2026",KEEP 410,"no external links, no meaningful search demand",,0,0,,0,0,0,55,,0.0
/pono-pono-player-review-is-it-legit-or-scam/,Is Pono Pono Player Legit or a Scam? Reviews and Complaints 2026,KEEP 410,"no external links, no meaningful search demand",,0,0,,0,0,0,49,,0.0
/pono-pono-player-review/,Pono Pono Player Review: What It Is and Is It Safe to Use?,KEEP 410,"no external links, no meaningful search demand",,0,0,,0,0,0,47,,0.0
/pregroe-shampoo-review-complaints-and-side-effects/,Pregroe Shampoo Review Complaints and Side Effects,KEEP 410,"no external links, no meaningful search demand",,0,0,,0,0,0,49,,0.0
/primal-brain-reviews-complaints-2026/,Primal Brain Reviews and Complaints 2026: Is Primal Brain Legit or a Scam?,KEEP 410,"no external links, no meaningful search demand",,0,0,,0,0,0,59,,0.0
/primal-brain-reviews-complaints/,Primal Brain Reviews and Complaints: Is It Legit?,KEEP 410,"no external links, no meaningful search demand",,0,0,,0,0,0,39,,0.0
/propertyrecord-com-scam-or-legit/,propertyrecord.com Scam or Legit? Reviews,KEEP 410,"no external links, no meaningful search demand",,0,0,,0,0,0,36,,0.0
/prothin-whey-ripped-review-side-effects-complaints/,Prothin Whey Ripped Review 2026: Side Effects and Complaints,KEEP 410,"no external links, no meaningful search demand",,0,0,,0,0,0,52,,0.0
/publishers-clearing-house-scam/,Publishers Clearing House Scam 2026: How to Tell Real PCH from Fake,KEEP 410,"no external links, no meaningful search demand",,0,0,,0,0,0,120,,0.0
/pulsecharge-reviews-is-it-legit-or-scam-2/,Is Pulsecharge Legit or a Scam? Reviews and Complaints 2026,KEEP 410,"no external links, no meaningful search demand",,0,0,,0,0,0,39,,0.0
/pulsecharge-reviews-is-it-legit-or-scam/,PulseCharge Reviews 2026: Is PulseCharge Legit or a Scam?,KEEP 410,"no external links, no meaningful search demand",,0,0,,0,0,0,58,,0.0
/quantum-ai-platform-scam-or-legit/,Quantum AI Platform Scam: Reviews and Complaints,KEEP 410,"no external links, no meaningful search demand",,0,0,,0,0,0,24,,0.0
/ratepunk-scam-or-legit/,Ratepunk Scam or Legit? Reviews and Complaints,KEEP 410,"no external links, no meaningful search demand",,0,0,,0,0,0,27,,0.0
/ready-festive-reviews-negative-2023/,Ready Festive Reviews Negative 2023,KEEP 410,"no external links, no meaningful search demand",,0,0,,0,0,0,60,,0.0
/remote-placeholder-overview/,,KEEP 410,"no external links, no meaningful search demand",,0,0,,0,0,0,6,,0.0
/remote-product-designer-salary-benchmarks-for-african-talent/,Remote Product Designer Salary Benchmarks for African Talent,KEEP 410,"no external links, no meaningful search demand",,0,0,,0,0,0,53,,0.0
/remotejobsfinder-co-legit/,Is RemoteJobsFinder.co Legit? Review 2026,KEEP 410,"no external links, no meaningful search demand",,0,0,,0,0,0,106,,0.0
/report-pattern-fake-investment-sites-promising-guaranteed-returns/,Report Pattern: Fake Investment Sites Promising Guaranteed Returns,KEEP 410,"no external links, no meaningful search demand",,0,0,,0,0,0,59,,0.0
/reports/,,KEEP 410,"no external links, no meaningful search demand",,0,0,,0,0,0,120,,0.0
/republic-first-funding-legit-or-scam/,Republic First Funding Legit or Scam? Reviews and Complaints,KEEP 410,"no external links, no meaningful search demand",,0,0,,0,0,0,40,,0.0
/resqvac-reviews-complaints/,ResQVac Reviews and Complaints: Is It Legit?,KEEP 410,"no external links, no meaningful search demand",,0,0,,0,0,0,43,,0.0
/retina-clear-scam-or-legit/,Retina Clear Scam or Legit? Reviews and Complaints,KEEP 410,"no external links, no meaningful search demand",,0,0,,0,0,0,28,,0.0
/rex-heuermann-biography/,"Rex Heuermann Biography: Career, Crimes and Facts",KEEP 410,"no external links, no meaningful search demand",,0,0,,0,0,0,40,,0.0
/ridesafely-com-reviews-is-ridesafely-legit-or-scam-2/,Is Ridesafely com Legit or a Scam? Reviews and Complaints 2026,KEEP 410,"no external links, no meaningful search demand",,0,0,,0,0,0,28,,0.0
/ridesafely-com-reviews-is-ridesafely-legit-or-scam/,Is RideSafely.com Legit or a Scam? Full Review 2026,KEEP 410,"no external links, no meaningful search demand",,0,0,,0,0,0,65,,0.0
/rio-ngumoha-biography/,"Rio Ngumoha Biography: Age, Family, Career and Why He Is Trending",KEEP 410,"no external links, no meaningful search demand",,0,0,,0,0,0,47,,0.0
/riway-reviews-is-riway-legit-or-scam/,Riway reviews: is riway legit or scam?,KEEP 410,"no external links, no meaningful search demand",,0,0,,0,0,0,104,,0.0
/robinhood-scam-email/,Robinhood Scam Email 2026: How to Identify Fake Robinhood Emails,KEEP 410,"no external links, no meaningful search demand",,0,0,,0,0,0,82,,0.0
/robinhood-scam-text/,Robinhood Scam Text: Is It Real? Reviews and Complaints,KEEP 410,"no external links, no meaningful search demand",,0,0,,0,0,0,52,,0.0
/rockjoin-com-scam-or-legit-reviews-complaints/,rockjoin com scam or legit? reviews & complaints,KEEP 410,"no external links, no meaningful search demand",,0,0,,0,0,0,66,,0.0
/rosabella-beetroot-reviews-complaints/,Rosabella Beetroot Reviews and Complaints: Is It Legit?,KEEP 410,"no external links, no meaningful search demand",,0,0,,0,0,0,55,,0.0
/roselyn-mcconnell-canada-immigration-express-legit/,Roselyn Mcconnell Canada Immigration Express Legit,KEEP 410,"no external links, no meaningful search demand",,0,0,,0,0,0,70,,0.0
/royal-kites-travel-and-tours-reviews/,"Royal Kites Travel and Tours Review: Reviews, Complaints and Honest Overview 2026",KEEP 410,"no external links, no meaningful search demand",,0,0,,0,0,0,44,,0.0
/ryze-mushroom-coffee-reviews-all-about-it/,Ryze Mushroom Coffee Reviews all About It,KEEP 410,"no external links, no meaningful search demand",,0,0,,0,0,0,46,,0.0
/sadhoir-shop-reviews-is-sadhoir-legit-or-scam/,Sadhoir.Shop reviews: is Sadhoirlegit or scam?,KEEP 410,"no external links, no meaningful search demand",,0,0,,0,0,0,45,,0.0
/sadhoir-shop-reviews-is-sadhoirlegit-or-scam/,Sadhoir Shop Reviews 2026: Is Sadhoir Legit or a Scam?,KEEP 410,"no external links, no meaningful search demand",,0,0,,0,0,0,39,,0.0
/saltair-body-oil-review-side-effects-and-benefits/,"Saltair Body Oil: Reviews, Complaints, Benefits and Side Effects 2026",KEEP 410,"no external links, no meaningful search demand",,0,0,,0,0,0,61,,0.0
/sarian-martin-biography/,"Sarian Martin Biography: Age, Career, Net Worth and Personal Life",KEEP 410,"no external links, no meaningful search demand",,0,0,,0,0,0,34,,0.0
/scam-likely-que-es/,What Does 'Scam Likely' Mean? Scam Likely Que Es? Full Explanation,KEEP 410,"no external links, no meaningful search demand",,0,0,,0,0,0,118,,0.0
/scam-reports-placeholder-overview/,,KEEP 410,"no external links, no meaningful search demand",,0,0,,0,0,0,9,,0.0
/scarlet-gomez-biography/,"Scarlet Gomez Biography: Age, Husband, Real Name and Career",KEEP 410,"no external links, no meaningful search demand",,0,0,,0,0,0,43,,0.0
/sd-pay-real-or-fake/,SD Pay Real or Fake? Is SD Pay Legit? Reviews and Complaints,KEEP 410,"no external links, no meaningful search demand",,0,0,,0,0,0,31,,0.0
/senafix-reviews-side-effects-and-negative-comments/,"Senafix: Reviews, Complaints, Benefits and Side Effects 2026",KEEP 410,"no external links, no meaningful search demand",,0,0,,0,0,0,51,,0.0
/senator-methu-biography/,"Senator Methu Biography: Career, Wife and Family",KEEP 410,"no external links, no meaningful search demand",,0,0,,0,0,0,37,,0.0
/sharlory-com-scam-or-legit-reviews-and-complaints-2024/,Sharlory.com Scam or Legit? sharlory.com Reviews and Complaints 2026,KEEP 410,"no external links, no meaningful search demand",,0,0,,0,0,0,79,,0.0
/shay-cognac-review-and-complaints-by-users-2024/,Shay Cognac Review and Complaints by Users 2024,KEEP 410,"no external links, no meaningful search demand",,0,0,,0,0,0,57,,0.0
/shingles-vaccine-reviews-and-side-effects/,"Shingles Vaccine: Reviews, Complaints, Benefits and Side Effects 2026",KEEP 410,"no external links, no meaningful search demand",,0,0,,0,0,0,44,,0.0
/side-effects-of-amlodipine/,Side Effects of Amlodipine: Risks and How to Manage Them,KEEP 410,"no external links, no meaningful search demand",,0,0,,0,0,0,49,,0.0
/side-effects-of-ciprofloxacin/,Side Effects of Ciprofloxacin: What You Must Know,KEEP 410,"no external links, no meaningful search demand",,0,0,,0,0,0,54,,0.0
/side-effects-of-clomid/,Side Effects of Clomid (Clomiphene Citrate): Full Guide,KEEP 410,"no external links, no meaningful search demand",,0,0,,0,0,0,59,,0.0
/side-effects-of-coffee/,Side Effects of Coffee: Health Risks and Benefits,KEEP 410,"no external links, no meaningful search demand",,0,0,,0,0,0,51,,0.0
/side-effects-of-flagyl-metronidazole/,Side Effects of Flagyl (Metronidazole) You Should Know,KEEP 410,"no external links, no meaningful search demand",,0,0,,0,0,0,61,,0.0
/side-effects-of-fluconazole/,Side Effects of Fluconazole (Diflucan): What to Know,KEEP 410,"no external links, no meaningful search demand",,0,0,,0,0,0,46,,0.0
/side-effects-of-garlic/,Side Effects of Garlic: Too Much Garlic and Your Health,KEEP 410,"no external links, no meaningful search demand",,0,0,,0,0,0,53,,0.0
/side-effects-of-levofloxacin/,Side Effects of Levofloxacin: Risks and Warnings,KEEP 410,"no external links, no meaningful search demand",,0,0,,0,0,0,55,,0.0
/side-effects-of-magnesium-supplements/,Side Effects of Magnesium Supplements: Full Guide,KEEP 410,"no external links, no meaningful search demand",,0,0,,0,0,0,49,,0.0
/side-effects-of-metformin/,Side Effects of Metformin: What You Need to Know,KEEP 410,"no external links, no meaningful search demand",,0,0,,0,0,0,48,,0.0
/sinful-deeds-legit-vietnamese-part-2-and-1-2/,Is Sinful Deeds Legit or a Scam? Reviews and Complaints 2026,KEEP 410,"no external links, no meaningful search demand",,0,0,,0,0,0,36,,0.0
/slide-jewelry-scam-or-legit/,Slide Jewelry Scam or Legit? Reviews and Complaints,KEEP 410,"no external links, no meaningful search demand",,0,0,,0,0,0,54,,0.0
/slimina-honest-review-is-slimina-weight-loss-good/,Slimina Honest Review Is Slimina Weight Loss Good,KEEP 410,"no external links, no meaningful search demand",,0,0,,0,0,0,53,,0.0
/slimmaionix-reviews-does-the-arm-trimmer-works/,"Slimmaionix Review: Reviews, Complaints and Honest Overview 2026",KEEP 410,"no external links, no meaningful search demand",,0,0,,0,0,0,30,,0.0
/slippilot-review-best-free-sportybet-optimizer/,SlipPilot Review: Is This the Best Free SportyBet Optimizer?,KEEP 410,"no external links, no meaningful search demand",,0,0,,0,0,0,51,,0.0
/small-business-startup-financing-how-to-get-the-right-funding-2/,Small Business Startup Financing How to Get the Right Funding,KEEP 410,"no external links, no meaningful search demand",,0,0,,0,0,0,602,,0.0
/smooche-foundation-reviews/,Smooche Foundation Reviews 2026: Is It Worth Buying?,KEEP 410,"no external links, no meaningful search demand",,0,0,,0,0,0,49,,0.0
/smoothspine-scam-or-legit/,SmoothSpine Scam or Legit? Reviews and Complaints,KEEP 410,"no external links, no meaningful search demand",,0,0,,0,0,0,27,,0.0
/spartan-setters-academy-legit-or-not-reviews/,Is Spartan Setters Academy Legit or a Scam? Reviews and Complaints 2026,KEEP 410,"no external links, no meaningful search demand",,0,0,,0,0,0,34,,0.0
/sports-direct-scam-or-legit/,Sports Direct Scam or Legit? Reviews and Complaints,KEEP 410,"no external links, no meaningful search demand",,0,0,,0,0,0,60,,0.0
/sportybet-accumulator-split-strategy-2026/,SportyBet Accumulator Strategy: Why Splitting Your Slip Is the Smartest Move You Can Make,KEEP 410,"no external links, no meaningful search demand",,0,0,,0,0,0,74,,0.0
/sportybet-booking-code-converter-complete-guide-2026/,SportyBet Booking Code Converter: Complete Guide (2026),KEEP 410,"no external links, no meaningful search demand",,0,0,,0,0,0,64,,0.0
/ssyoutube-review/,SSYouTube.com Review: Is It Safe and Does It Still Work in 2026?,KEEP 410,"no external links, no meaningful search demand",,0,0,,0,0,0,37,,0.0
/stardeals-legit-or-not-philippines-reviews-and-complaints-2023/,,KEEP 410,"no external links, no meaningful search demand",,0,0,,0,0,0,16,,0.0
/stardeals-legit-or-not-philippines-reviews-and-complaints-2026/,Is StarDeals Legit or a Scam? Philippines Reviews 2026,KEEP 410,"no external links, no meaningful search demand",,0,0,,0,0,0,120,,0.0
/startups-placeholder-overview/,,KEEP 410,"no external links, no meaningful search demand",,0,0,,0,0,0,7,,0.0
/stopwatt-scam-or-legit/,StopWatt Scam or Legit? Reviews and Complaints,KEEP 410,"no external links, no meaningful search demand",,0,0,,0,0,0,39,,0.0
/streamsync-legit-or-not-reviews-and-complaints/,StreamSync Legit or not Reviews and Complaints,KEEP 410,"no external links, no meaningful search demand",,0,0,,0,0,0,52,,0.0
/summerclaim-com-reviews-legit-or-not-complaints-by-users/,summerclaim.com reviews: legit or not? Complaints by users,KEEP 410,"no external links, no meaningful search demand",,0,0,,0,0,0,69,,0.0
/sunboost-reviews-2023-is-sunboost-reliable-solar/,Sunboost Solar Reviews 2026: Is Sunboost a Reliable Solar Company?,KEEP 410,"no external links, no meaningful search demand",,0,0,,0,0,0,68,,0.0
/sunday-are-biography/,"Sunday Are Biography: Who Is He, Career, and What You Need to Know",KEEP 410,"no external links, no meaningful search demand",,0,0,,0,0,0,32,,0.0
/sunshine-loans-review-is-sunshine-loans-legit-or-a-scam/,Sunshine Loans Review | Is Sunshine Loans Legit or a Scam?,KEEP 410,"no external links, no meaningful search demand",,0,0,,0,0,0,67,,0.0
/tax-abatement-scam-calls/,Tax Abatement Scam Calls: Real or Fake? Reviews,KEEP 410,"no external links, no meaningful search demand",,0,0,,0,0,0,33,,0.0
/tech-roles-placeholder-overview/,,KEEP 410,"no external links, no meaningful search demand",,0,0,,0,0,0,5,,0.0
/telly-free-4k-android-tv-dongle-reviews-legit/,Telly Free 4K Android TV Dongle Review 2026: Is It Legit?,KEEP 410,"no external links, no meaningful search demand",,0,0,,0,0,0,45,,0.0
/the-hairy-pill-reviews-and-side-effects-before-and-after/,the hairy pill reviews and side effects: before and after,KEEP 410,"no external links, no meaningful search demand",,0,0,,0,0,0,52,,0.0
/tiger-shroff-is-it-dead-or-alive/,Tiger Shroff : is it dead or alive?,KEEP 410,"no external links, no meaningful search demand",,0,0,,0,0,0,97,,0.0
/together-loans-reviews-complaints/,Together Loans Reviews and Complaints: Is It Legit?,KEEP 410,"no external links, no meaningful search demand",,0,0,,0,0,0,93,,0.0
/toloka-review-can-it-still-earn-you-real-money/,Toloka Review: Can It Still Earn You Real Money?,KEEP 410,"no external links, no meaningful search demand",,0,0,,0,0,0,40,,0.0
/tompolo-biography/,"Tompolo Biography: Real Name, Age, Wife, Net Worth and Latest News",KEEP 410,"no external links, no meaningful search demand",,0,0,,0,0,0,40,,0.0
/top-5-loan-apps-in-nigeria-2026-guide/,Top 5 Loan Apps in Nigeria (2026 Guide),KEEP 410,"no external links, no meaningful search demand",,0,0,,0,0,0,79,,0.0
/totaldrive-com-scam-or-legit/,totaldrive.com Scam or Legit? Reviews and Complaints,KEEP 410,"no external links, no meaningful search demand",,0,0,,0,0,0,30,,0.0
/trade-scam-script-blox-fruit-2/,trade scam script blox fruit,KEEP 410,"no external links, no meaningful search demand",,0,0,,0,0,0,52,,0.0
/trade-scam-script-blox-fruit-3/,Trade Scam Script Blox Fruit,KEEP 410,"no external links, no meaningful search demand",,0,0,,0,0,0,49,,0.0
/travis-kelce-steakhouse-complaints/,Travis Kelce Steakhouse Customer Complaints and Reviews,KEEP 410,"no external links, no meaningful search demand",,0,0,,0,0,0,50,,0.0
/travis-kelce-steakhouse-customer-complaints-reviews-2026/,Travis Kelce Steakhouse Customer Complaints and Reviews: Is 1587 Prime Worth It?,KEEP 410,"no external links, no meaningful search demand",,0,0,,0,0,0,65,,0.0
/unicity-balance-reviews-benefits-and-side-effects-for-weight-loss/,Unicity Balance Reviews Benefits and Side Effects for Weight Loss,KEEP 410,"no external links, no meaningful search demand",,0,0,,0,0,0,62,,0.0
/unifin-text-scam-or-legit/,Unifin Text Scam or Legit? Reviews and Complaints,KEEP 410,"no external links, no meaningful search demand",,0,0,,0,0,0,30,,0.0
/union-ai-scam-or-legit/,Union AI Scam or Legit? Reviews and Complaints,KEEP 410,"no external links, no meaningful search demand",,0,0,,0,0,0,33,,0.0
/us-claim-registry-legit/,Is US Claim Registry Legit? USClaimRegistry.com Review 2026,KEEP 410,"no external links, no meaningful search demand",,0,0,,0,0,0,34,,0.0
/usclaimregistry-com-legit-or-not/,usclaimregistry.com Legit or Not? Reviews and Complaints,KEEP 410,"no external links, no meaningful search demand",,0,0,,0,0,0,27,,0.0
/user-complaint-trends-around-delayed-withdrawals-on-apps/,User Complaint Trends Around Delayed Withdrawals on Apps,KEEP 410,"no external links, no meaningful search demand",,0,0,,0,0,0,317,,0.0
/user-complaints-placeholder-overview/,,KEEP 410,"no external links, no meaningful search demand",,0,0,,0,0,0,7,,0.0
/uspassportandvisa-org-scam/,USPassportandVisa.org Scam: Is It Legit or Fake? 2026,KEEP 410,"no external links, no meaningful search demand",,0,0,,0,0,0,61,,0.0
/vaibhav-suryavanshi-biography/,"Vaibhav Suryavanshi Biography: Age, Career and Records",KEEP 410,"no external links, no meaningful search demand",,0,0,,0,0,0,33,,0.0
/venmo-scam-call/,Venmo Scam Call Alert 2026: How to Identify Fake Venmo Calls,KEEP 410,"no external links, no meaningful search demand",,0,0,,0,0,0,51,,0.0
/virtualstaff-ph-legit-or-not-virtualstaff-reviews/,Is VirtualStaff.ph Legit? VirtualStaff Reviews 2026,KEEP 410,"no external links, no meaningful search demand",,0,0,,0,0,0,55,,0.0
/visium-max-drops-scam-or-legit/,Visium Max Drops Scam or Legit? Reviews & Complaints,KEEP 410,"no external links, no meaningful search demand",,0,0,,0,0,0,35,,0.0
/vivalis-reviews-and-complaints/,Vivalis Reviews and Complaints: Is It Legit?,KEEP 410,"no external links, no meaningful search demand",,0,0,,0,0,0,28,,0.0
/vw-id-buzz-review/,VW ID. Buzz Review 2026: The Electric Microbus Worth Buying?,KEEP 410,"no external links, no meaningful search demand",,0,0,,0,0,0,35,,0.0
/we-shine-together-charity-scam-or-legit-reviews/,We Shine Together Charity Review 2026: Legit or Scam?,KEEP 410,"no external links, no meaningful search demand",,0,0,,0,0,0,48,,0.0
/welendus-reviews-2024-is-welendus-legit-or-scam/,,KEEP 410,"no external links, no meaningful search demand",,0,0,,0,0,0,12,,0.0
/welendus-reviews-2026-is-welendus-legit-or-scam-2/,Welendus Reviews 2026: Is Welendus Legit or Scam?,KEEP 410,"no external links, no meaningful search demand",,0,0,,0,0,0,60,,0.0
/welendus-reviews-2026-is-welendus-legit-or-scam/,Welendus Reviews 2026: Is Welendus Legit or Scam?,KEEP 410,"no external links, no meaningful search demand",,0,0,,0,0,0,42,,0.0
/what-are-the-perks-of-switching-to-solar-energy/,What Are the Perks of Switching to Solar Energy,KEEP 410,"no external links, no meaningful search demand",,0,0,,0,0,0,57,,0.0
/what-happens-to-peter-aiura-of-legit-street-2/,What Happens to Peter Aiura of Legit Street,KEEP 410,"no external links, no meaningful search demand",,0,0,,0,0,0,42,,0.0
/what-happens-to-peter-aiura-of-legit-street/,What Happened to What Happens to Peter Aiura of? Full Update and Background 2026,KEEP 410,"no external links, no meaningful search demand",,0,0,,0,0,0,48,,0.0
/what-is-a-brushing-scam/,What Is a Brushing Scam? How It Works and What to Do,KEEP 410,"no external links, no meaningful search demand",,0,0,,0,0,0,39,,0.0
/what-is-a-ponzi-scam/,What Is a Ponzi Scam? How to Spot and Avoid It,KEEP 410,"no external links, no meaningful search demand",,0,0,,0,0,0,34,,0.0
/what-is-bec-scam/,What Is a BEC Scam? Business Email Compromise Explained,KEEP 410,"no external links, no meaningful search demand",,0,0,,0,0,0,37,,0.0
/white-fox-hoodie-review-and-complaints-in-uk-2024/,,KEEP 410,"no external links, no meaningful search demand",,0,0,,0,0,0,18,,0.0
/white-fox-hoodie-review-and-complaints-in-uk-2026/,white fox hoodie review and complaints in UK 2026,KEEP 410,"no external links, no meaningful search demand",,0,0,,0,0,0,82,,0.0
/who-app-reviews-2023-it-it-legit-or-scam/,Who App Reviews 2026: Is the Who App Legit or a Scam?,KEEP 410,"no external links, no meaningful search demand",,0,0,,0,0,0,41,,0.0
/woosa-mattress-review-complaints-in-singapore/,Woosa Mattress Review Singapore 2026: Complaints and Real Experiences,KEEP 410,"no external links, no meaningful search demand",,0,0,,0,0,0,55,,0.0
/working-at-flutterwave-salary-culture-and-experience/,"Working at Flutterwave — Salary, Culture and Experience",KEEP 410,"no external links, no meaningful search demand",,0,0,,0,0,0,52,,0.0
/worldcat-org-legit-or-not-worldcat-reviews/,WorldCat org Legit or not WorldCat Reviews,KEEP 410,"no external links, no meaningful search demand",,0,0,,0,0,0,37,,0.0
/x-hammer-driver-scam-or-legit/,X Hammer Driver Scam or Legit? Reviews and Complaints,KEEP 410,"no external links, no meaningful search demand",,0,0,,0,0,0,30,,0.0
/xitox-scam-or-legit-2024-customer-reviews/,,KEEP 410,"no external links, no meaningful search demand",,0,0,,0,0,0,14,,0.0
/xitox-scam-or-legit-2026-customer-reviews/,xitox scam or legit 2026? Customer reviews,KEEP 410,"no external links, no meaningful search demand",,0,0,,0,0,0,49,,0.0
/yalla-app-not-working-reason-and-solution/,"Yalla App Not Working? Reasons, Fixes and Solutions 2026",KEEP 410,"no external links, no meaningful search demand",,0,0,,0,0,0,56,,0.0
/zoi-cat-food-review-by-pet-owners-2/,"Zoi Cat Food Review: Reviews, Complaints and Honest Overview 2026",KEEP 410,"no external links, no meaningful search demand",,0,0,,0,0,0,41,,0.0
/zoi-cat-food-review-by-pet-owners/,Zoi Cat Food Review 2026: What Pet Owners Are Saying,KEEP 410,"no external links, no meaningful search demand",,0,0,,0,0,0,59,,0.0
/zorvyn-company-reviews-real-or-fake-business/,Zorvyn Company Reviews: Real or Fake Business,KEEP 410,"no external links, no meaningful search demand",,0,0,,0,0,0,36,,0.0
/zorvyn-fintech-real-or-fake/,Is Zorvyn Fintech Real or Fake? Zorvyn Internship Review 2026,KEEP 410,"no external links, no meaningful search demand",,0,0,,0,0,0,57,,0.0
